interval_start_utc,interval_end_utc,route_name,source_provider,source_family,source_key,source_published_utc,forward_price_eur_per_mwh,day_ahead_price_eur_per_mwh,intraday_price_eur_per_mwh,imbalance_price_eur_per_mwh,forward_to_day_ahead_spread_eur_per_mwh,day_ahead_to_intraday_spread_eur_per_mwh,forward_to_day_ahead_spread_bucket,day_ahead_to_intraday_spread_bucket,upstream_market_state,upstream_market_state_feed_available_flag
2024-11-14 23:00:00+00:00,2024-11-15 00:00:00+00:00,R1_netback_GB_FR_DE_PL,elexon_mid:APXMIDP+entsoe_day_ahead,free_entsoe_day_ahead_plus_elexon_mid,free_entsoe_day_ahead_plus_elexon_mid:R1_netback_GB_FR_DE_PL,,,111.6,,,,,spread_unknown,spread_unknown,no_upstream_feed,False
2024-11-14 23:00:00+00:00,2024-11-15 00:00:00+00:00,R2_netback_GB_NL_DE_PL,elexon_mid:APXMIDP+entsoe_day_ahead,free_entsoe_day_ahead_plus_elexon_mid,free_entsoe_day_ahead_plus_elexon_mid:R2_netback_GB_NL_DE_PL,,,110.66,,,,,spread_unknown,spread_unknown,no_upstream_feed,False
2024-11-15 00:00:00+00:00,2024-11-15 01:00:00+00:00,R1_netback_GB_FR_DE_PL,elexon_mid:APXMIDP+entsoe_day_ahead,free_entsoe_day_ahead_plus_elexon_mid,free_entsoe_day_ahead_plus_elexon_mid:R1_netback_GB_FR_DE_PL,,100.91835,107.31,,,6.391649999999999,,spread_positive,spread_unknown,day_ahead_stronger_than_forward,True
2024-11-15 00:00:00+00:00,2024-11-15 01:00:00+00:00,R2_netback_GB_NL_DE_PL,elexon_mid:APXMIDP+entsoe_day_ahead,free_entsoe_day_ahead_plus_elexon_mid,free_entsoe_day_ahead_plus_elexon_mid:R2_netback_GB_NL_DE_PL,,100.91835,106.8,,,5.881649999999993,,spread_positive,spread_unknown,day_ahead_stronger_than_forward,True
2024-11-15 01:00:00+00:00,2024-11-15 02:00:00+00:00,R1_netback_GB_FR_DE_PL,elexon_mid:APXMIDP+entsoe_day_ahead,free_entsoe_day_ahead_plus_elexon_mid,free_entsoe_day_ahead_plus_elexon_mid:R1_netback_GB_FR_DE_PL,,103.32855,107.43,,,4.10145,,spread_flat,spread_unknown,day_ahead_near_forward,True
2024-11-15 01:00:00+00:00,2024-11-15 02:00:00+00:00,R2_netback_GB_NL_DE_PL,elexon_mid:APXMIDP+entsoe_day_ahead,free_entsoe_day_ahead_plus_elexon_mid,free_entsoe_day_ahead_plus_elexon_mid:R2_netback_GB_NL_DE_PL,,103.32855,107.07,,,3.741449999999986,,spread_flat,spread_unknown,day_ahead_near_forward,True
2024-11-15 02:00:00+00:00,2024-11-15 03:00:00+00:00,R1_netback_GB_FR_DE_PL,elexon_mid:APXMIDP+entsoe_day_ahead,free_entsoe_day_ahead_plus_elexon_mid,free_entsoe_day_ahead_plus_elexon_mid:R1_netback_GB_FR_DE_PL,,99.7776,104.05,,,4.27239999999999,,spread_flat,spread_unknown,day_ahead_near_forward,True
2024-11-15 02:00:00+00:00,2024-11-15 03:00:00+00:00,R2_netback_GB_NL_DE_PL,elexon_mid:APXMIDP+entsoe_day_ahead,free_entsoe_day_ahead_plus_elexon_mid,free_entsoe_day_ahead_plus_elexon_mid:R2_netback_GB_NL_DE_PL,,99.7776,103.7,,,3.922399999999996,,spread_flat,spread_unknown,day_ahead_near_forward,True
2024-11-15 03:00:00+00:00,2024-11-15 04:00:00+00:00,R1_netback_GB_FR_DE_PL,elexon_mid:APXMIDP+entsoe_day_ahead,free_entsoe_day_ahead_plus_elexon_mid,free_entsoe_day_ahead_plus_elexon_mid:R1_netback_GB_FR_DE_PL,,100.06425,104.81,,,4.745750000000015,,spread_flat,spread_unknown,day_ahead_near_forward,True
2024-11-15 03:00:00+00:00,2024-11-15 04:00:00+00:00,R2_netback_GB_NL_DE_PL,elexon_mid:APXMIDP+entsoe_day_ahead,free_entsoe_day_ahead_plus_elexon_mid,free_entsoe_day_ahead_plus_elexon_mid:R2_netback_GB_NL_DE_PL,,100.06425,104.5,,,4.435750000000013,,spread_flat,spread_unknown,day_ahead_near_forward,True
2024-11-15 04:00:00+00:00,2024-11-15 05:00:00+00:00,R1_netback_GB_FR_DE_PL,elexon_mid:APXMIDP+entsoe_day_ahead,free_entsoe_day_ahead_plus_elexon_mid,free_entsoe_day_ahead_plus_elexon_mid:R1_netback_GB_FR_DE_PL,,102.41595,109.55,,,7.134050000000002,,spread_positive,spread_unknown,day_ahead_stronger_than_forward,True
2024-11-15 04:00:00+00:00,2024-11-15 05:00:00+00:00,R2_netback_GB_NL_DE_PL,elexon_mid:APXMIDP+entsoe_day_ahead,free_entsoe_day_ahead_plus_elexon_mid,free_entsoe_day_ahead_plus_elexon_mid:R2_netback_GB_NL_DE_PL,,102.41595,108.78,,,6.364050000000006,,spread_positive,spread_unknown,day_ahead_stronger_than_forward,True
2024-11-15 05:00:00+00:00,2024-11-15 06:00:00+00:00,R1_netback_GB_FR_DE_PL,elexon_mid:APXMIDP+entsoe_day_ahead,free_entsoe_day_ahead_plus_elexon_mid,free_entsoe_day_ahead_plus_elexon_mid:R1_netback_GB_FR_DE_PL,,109.88055,130.98,,,21.09944999999999,,spread_strong_positive,spread_unknown,day_ahead_much_stronger_than_forward,True
2024-11-15 05:00:00+00:00,2024-11-15 06:00:00+00:00,R2_netback_GB_NL_DE_PL,elexon_mid:APXMIDP+entsoe_day_ahead,free_entsoe_day_ahead_plus_elexon_mid,free_entsoe_day_ahead_plus_elexon_mid:R2_netback_GB_NL_DE_PL,,109.88055,129.8,,,19.91945000000001,,spread_positive,spread_unknown,day_ahead_stronger_than_forward,True
2024-11-15 06:00:00+00:00,2024-11-15 07:00:00+00:00,R1_netback_GB_FR_DE_PL,elexon_mid:APXMIDP+entsoe_day_ahead,free_entsoe_day_ahead_plus_elexon_mid,free_entsoe_day_ahead_plus_elexon_mid:R1_netback_GB_FR_DE_PL,,121.44015,148.04,,,26.599850000000004,,spread_strong_positive,spread_unknown,day_ahead_much_stronger_than_forward,True
2024-11-15 06:00:00+00:00,2024-11-15 07:00:00+00:00,R2_netback_GB_NL_DE_PL,elexon_mid:APXMIDP+entsoe_day_ahead,free_entsoe_day_ahead_plus_elexon_mid,free_entsoe_day_ahead_plus_elexon_mid:R2_netback_GB_NL_DE_PL,,121.44015,145.23,,,23.78985,,spread_strong_positive,spread_unknown,day_ahead_much_stronger_than_forward,True
2024-11-15 07:00:00+00:00,2024-11-15 08:00:00+00:00,R1_netback_GB_FR_DE_PL,elexon_mid:APXMIDP+entsoe_day_ahead,free_entsoe_day_ahead_plus_elexon_mid,free_entsoe_day_ahead_plus_elexon_mid:R1_netback_GB_FR_DE_PL,,125.3772,160.85,,,35.47279999999999,,spread_strong_positive,spread_unknown,day_ahead_much_stronger_than_forward,True
2024-11-15 07:00:00+00:00,2024-11-15 08:00:00+00:00,R2_netback_GB_NL_DE_PL,elexon_mid:APXMIDP+entsoe_day_ahead,free_entsoe_day_ahead_plus_elexon_mid,free_entsoe_day_ahead_plus_elexon_mid:R2_netback_GB_NL_DE_PL,,125.3772,158.52,,,33.14280000000001,,spread_strong_positive,spread_unknown,day_ahead_much_stronger_than_forward,True
2024-11-15 08:00:00+00:00,2024-11-15 09:00:00+00:00,R1_netback_GB_FR_DE_PL,elexon_mid:APXMIDP+entsoe_day_ahead,free_entsoe_day_ahead_plus_elexon_mid,free_entsoe_day_ahead_plus_elexon_mid:R1_netback_GB_FR_DE_PL,,117.4446,145.06,,,27.615400000000008,,spread_strong_positive,spread_unknown,day_ahead_much_stronger_than_forward,True
2024-11-15 08:00:00+00:00,2024-11-15 09:00:00+00:00,R2_netback_GB_NL_DE_PL,elexon_mid:APXMIDP+entsoe_day_ahead,free_entsoe_day_ahead_plus_elexon_mid,free_entsoe_day_ahead_plus_elexon_mid:R2_netback_GB_NL_DE_PL,,117.4446,149.97,,,32.525400000000005,,spread_strong_positive,spread_unknown,day_ahead_much_stronger_than_forward,True
2024-11-15 09:00:00+00:00,2024-11-15 10:00:00+00:00,R1_netback_GB_FR_DE_PL,elexon_mid:APXMIDP+entsoe_day_ahead,free_entsoe_day_ahead_plus_elexon_mid,free_entsoe_day_ahead_plus_elexon_mid:R1_netback_GB_FR_DE_PL,,114.6834,131.25,,,16.566600000000008,,spread_positive,spread_unknown,day_ahead_stronger_than_forward,True
2024-11-15 09:00:00+00:00,2024-11-15 10:00:00+00:00,R2_netback_GB_NL_DE_PL,elexon_mid:APXMIDP+entsoe_day_ahead,free_entsoe_day_ahead_plus_elexon_mid,free_entsoe_day_ahead_plus_elexon_mid:R2_netback_GB_NL_DE_PL,,114.6834,137.58,,,22.89660000000002,,spread_strong_positive,spread_unknown,day_ahead_much_stronger_than_forward,True
2024-11-15 10:00:00+00:00,2024-11-15 11:00:00+00:00,R1_netback_GB_FR_DE_PL,elexon_mid:APXMIDP+entsoe_day_ahead,free_entsoe_day_ahead_plus_elexon_mid,free_entsoe_day_ahead_plus_elexon_mid:R1_netback_GB_FR_DE_PL,,116.2629,125.6,,,9.337100000000008,,spread_positive,spread_unknown,day_ahead_stronger_than_forward,True
2024-11-15 10:00:00+00:00,2024-11-15 11:00:00+00:00,R2_netback_GB_NL_DE_PL,elexon_mid:APXMIDP+entsoe_day_ahead,free_entsoe_day_ahead_plus_elexon_mid,free_entsoe_day_ahead_plus_elexon_mid:R2_netback_GB_NL_DE_PL,,116.2629,133.51,,,17.247100000000003,,spread_positive,spread_unknown,day_ahead_stronger_than_forward,True
2024-11-15 11:00:00+00:00,2024-11-15 12:00:00+00:00,R1_netback_GB_FR_DE_PL,elexon_mid:APXMIDP+entsoe_day_ahead,free_entsoe_day_ahead_plus_elexon_mid,free_entsoe_day_ahead_plus_elexon_mid:R1_netback_GB_FR_DE_PL,,115.1046,120.47,,,5.365399999999994,,spread_positive,spread_unknown,day_ahead_stronger_than_forward,True
2024-11-15 11:00:00+00:00,2024-11-15 12:00:00+00:00,R2_netback_GB_NL_DE_PL,elexon_mid:APXMIDP+entsoe_day_ahead,free_entsoe_day_ahead_plus_elexon_mid,free_entsoe_day_ahead_plus_elexon_mid:R2_netback_GB_NL_DE_PL,,115.1046,121.64,,,6.535399999999996,,spread_positive,spread_unknown,day_ahead_stronger_than_forward,True
2024-11-15 12:00:00+00:00,2024-11-15 13:00:00+00:00,R1_netback_GB_FR_DE_PL,elexon_mid:APXMIDP+entsoe_day_ahead,free_entsoe_day_ahead_plus_elexon_mid,free_entsoe_day_ahead_plus_elexon_mid:R1_netback_GB_FR_DE_PL,,113.97555,119.54,,,5.564450000000008,,spread_positive,spread_unknown,day_ahead_stronger_than_forward,True
2024-11-15 12:00:00+00:00,2024-11-15 13:00:00+00:00,R2_netback_GB_NL_DE_PL,elexon_mid:APXMIDP+entsoe_day_ahead,free_entsoe_day_ahead_plus_elexon_mid,free_entsoe_day_ahead_plus_elexon_mid:R2_netback_GB_NL_DE_PL,,113.97555,121.5,,,7.524450000000002,,spread_positive,spread_unknown,day_ahead_stronger_than_forward,True
2024-11-15 13:00:00+00:00,2024-11-15 14:00:00+00:00,R1_netback_GB_FR_DE_PL,elexon_mid:APXMIDP+entsoe_day_ahead,free_entsoe_day_ahead_plus_elexon_mid,free_entsoe_day_ahead_plus_elexon_mid:R1_netback_GB_FR_DE_PL,,119.0592,120.0,,,0.940799999999996,,spread_flat,spread_unknown,day_ahead_near_forward,True
2024-11-15 13:00:00+00:00,2024-11-15 14:00:00+00:00,R2_netback_GB_NL_DE_PL,elexon_mid:APXMIDP+entsoe_day_ahead,free_entsoe_day_ahead_plus_elexon_mid,free_entsoe_day_ahead_plus_elexon_mid:R2_netback_GB_NL_DE_PL,,119.0592,130.1,,,11.04079999999999,,spread_positive,spread_unknown,day_ahead_stronger_than_forward,True
2024-11-15 14:00:00+00:00,2024-11-15 15:00:00+00:00,R1_netback_GB_FR_DE_PL,elexon_mid:APXMIDP+entsoe_day_ahead,free_entsoe_day_ahead_plus_elexon_mid,free_entsoe_day_ahead_plus_elexon_mid:R1_netback_GB_FR_DE_PL,,122.5224,119.55,,,-2.9724000000000075,,spread_flat,spread_unknown,day_ahead_near_forward,True
2024-11-15 14:00:00+00:00,2024-11-15 15:00:00+00:00,R2_netback_GB_NL_DE_PL,elexon_mid:APXMIDP+entsoe_day_ahead,free_entsoe_day_ahead_plus_elexon_mid,free_entsoe_day_ahead_plus_elexon_mid:R2_netback_GB_NL_DE_PL,,122.5224,138.14,,,15.617599999999982,,spread_positive,spread_unknown,day_ahead_stronger_than_forward,True
2024-11-15 15:00:00+00:00,2024-11-15 16:00:00+00:00,R1_netback_GB_FR_DE_PL,elexon_mid:APXMIDP+entsoe_day_ahead,free_entsoe_day_ahead_plus_elexon_mid,free_entsoe_day_ahead_plus_elexon_mid:R1_netback_GB_FR_DE_PL,,130.96395,128.7,,,-2.2639500000000226,,spread_flat,spread_unknown,day_ahead_near_forward,True
2024-11-15 15:00:00+00:00,2024-11-15 16:00:00+00:00,R2_netback_GB_NL_DE_PL,elexon_mid:APXMIDP+entsoe_day_ahead,free_entsoe_day_ahead_plus_elexon_mid,free_entsoe_day_ahead_plus_elexon_mid:R2_netback_GB_NL_DE_PL,,130.96395,133.19,,,2.2260499999999865,,spread_flat,spread_unknown,day_ahead_near_forward,True
2024-11-15 16:00:00+00:00,2024-11-15 17:00:00+00:00,R1_netback_GB_FR_DE_PL,elexon_mid:APXMIDP+entsoe_day_ahead,free_entsoe_day_ahead_plus_elexon_mid,free_entsoe_day_ahead_plus_elexon_mid:R1_netback_GB_FR_DE_PL,,137.72654999999995,139.68,,,1.953450000000032,,spread_flat,spread_unknown,day_ahead_near_forward,True
2024-11-15 16:00:00+00:00,2024-11-15 17:00:00+00:00,R2_netback_GB_NL_DE_PL,elexon_mid:APXMIDP+entsoe_day_ahead,free_entsoe_day_ahead_plus_elexon_mid,free_entsoe_day_ahead_plus_elexon_mid:R2_netback_GB_NL_DE_PL,,137.72654999999995,137.03,,,-0.6965499999999736,,spread_flat,spread_unknown,day_ahead_near_forward,True
2024-11-15 17:00:00+00:00,2024-11-15 18:00:00+00:00,R1_netback_GB_FR_DE_PL,elexon_mid:APXMIDP+entsoe_day_ahead,free_entsoe_day_ahead_plus_elexon_mid,free_entsoe_day_ahead_plus_elexon_mid:R1_netback_GB_FR_DE_PL,,130.20929999999998,138.66,,,8.450700000000012,,spread_positive,spread_unknown,day_ahead_stronger_than_forward,True
2024-11-15 17:00:00+00:00,2024-11-15 18:00:00+00:00,R2_netback_GB_NL_DE_PL,elexon_mid:APXMIDP+entsoe_day_ahead,free_entsoe_day_ahead_plus_elexon_mid,free_entsoe_day_ahead_plus_elexon_mid:R2_netback_GB_NL_DE_PL,,130.20929999999998,135.54,,,5.330700000000007,,spread_positive,spread_unknown,day_ahead_stronger_than_forward,True
2024-11-15 18:00:00+00:00,2024-11-15 19:00:00+00:00,R1_netback_GB_FR_DE_PL,elexon_mid:APXMIDP+entsoe_day_ahead,free_entsoe_day_ahead_plus_elexon_mid,free_entsoe_day_ahead_plus_elexon_mid:R1_netback_GB_FR_DE_PL,,126.8982,134.05,,,7.151800000000009,,spread_positive,spread_unknown,day_ahead_stronger_than_forward,True
2024-11-15 18:00:00+00:00,2024-11-15 19:00:00+00:00,R2_netback_GB_NL_DE_PL,elexon_mid:APXMIDP+entsoe_day_ahead,free_entsoe_day_ahead_plus_elexon_mid,free_entsoe_day_ahead_plus_elexon_mid:R2_netback_GB_NL_DE_PL,,126.8982,128.0,,,1.1017999999999972,,spread_flat,spread_unknown,day_ahead_near_forward,True
2024-11-15 19:00:00+00:00,2024-11-15 20:00:00+00:00,R1_netback_GB_FR_DE_PL,elexon_mid:APXMIDP+entsoe_day_ahead,free_entsoe_day_ahead_plus_elexon_mid,free_entsoe_day_ahead_plus_elexon_mid:R1_netback_GB_FR_DE_PL,,119.63835,121.81,,,2.17165,,spread_flat,spread_unknown,day_ahead_near_forward,True
2024-11-15 19:00:00+00:00,2024-11-15 20:00:00+00:00,R2_netback_GB_NL_DE_PL,elexon_mid:APXMIDP+entsoe_day_ahead,free_entsoe_day_ahead_plus_elexon_mid,free_entsoe_day_ahead_plus_elexon_mid:R2_netback_GB_NL_DE_PL,,119.63835,115.73,,,-3.908349999999999,,spread_flat,spread_unknown,day_ahead_near_forward,True
2024-11-15 20:00:00+00:00,2024-11-15 21:00:00+00:00,R1_netback_GB_FR_DE_PL,elexon_mid:APXMIDP+entsoe_day_ahead,free_entsoe_day_ahead_plus_elexon_mid,free_entsoe_day_ahead_plus_elexon_mid:R1_netback_GB_FR_DE_PL,,109.83374999999998,118.27,,,8.436250000000015,,spread_positive,spread_unknown,day_ahead_stronger_than_forward,True
2024-11-15 20:00:00+00:00,2024-11-15 21:00:00+00:00,R2_netback_GB_NL_DE_PL,elexon_mid:APXMIDP+entsoe_day_ahead,free_entsoe_day_ahead_plus_elexon_mid,free_entsoe_day_ahead_plus_elexon_mid:R2_netback_GB_NL_DE_PL,,109.83374999999998,110.74,,,0.9062500000000142,,spread_flat,spread_unknown,day_ahead_near_forward,True
2024-11-15 21:00:00+00:00,2024-11-15 22:00:00+00:00,R1_netback_GB_FR_DE_PL,elexon_mid:APXMIDP+entsoe_day_ahead,free_entsoe_day_ahead_plus_elexon_mid,free_entsoe_day_ahead_plus_elexon_mid:R1_netback_GB_FR_DE_PL,,103.8141,122.0,,,18.185900000000004,,spread_positive,spread_unknown,day_ahead_stronger_than_forward,True
2024-11-15 21:00:00+00:00,2024-11-15 22:00:00+00:00,R2_netback_GB_NL_DE_PL,elexon_mid:APXMIDP+entsoe_day_ahead,free_entsoe_day_ahead_plus_elexon_mid,free_entsoe_day_ahead_plus_elexon_mid:R2_netback_GB_NL_DE_PL,,103.8141,108.19,,,4.3759000000000015,,spread_flat,spread_unknown,day_ahead_near_forward,True
2024-11-15 22:00:00+00:00,2024-11-15 23:00:00+00:00,R1_netback_GB_FR_DE_PL,elexon_mid:APXMIDP+entsoe_day_ahead,free_entsoe_day_ahead_plus_elexon_mid,free_entsoe_day_ahead_plus_elexon_mid:R1_netback_GB_FR_DE_PL,,87.9138,111.71,,,23.7962,,spread_strong_positive,spread_unknown,day_ahead_much_stronger_than_forward,True
2024-11-15 22:00:00+00:00,2024-11-15 23:00:00+00:00,R2_netback_GB_NL_DE_PL,elexon_mid:APXMIDP+entsoe_day_ahead,free_entsoe_day_ahead_plus_elexon_mid,free_entsoe_day_ahead_plus_elexon_mid:R2_netback_GB_NL_DE_PL,,87.9138,93.55,,,5.636200000000002,,spread_positive,spread_unknown,day_ahead_stronger_than_forward,True
2024-11-15 23:00:00+00:00,2024-11-16 00:00:00+00:00,R1_netback_GB_FR_DE_PL,elexon_mid:APXMIDP+entsoe_day_ahead,free_entsoe_day_ahead_plus_elexon_mid,free_entsoe_day_ahead_plus_elexon_mid:R1_netback_GB_FR_DE_PL,,65.98215,104.59,,,38.60785,,spread_strong_positive,spread_unknown,day_ahead_much_stronger_than_forward,True
2024-11-15 23:00:00+00:00,2024-11-16 00:00:00+00:00,R2_netback_GB_NL_DE_PL,elexon_mid:APXMIDP+entsoe_day_ahead,free_entsoe_day_ahead_plus_elexon_mid,free_entsoe_day_ahead_plus_elexon_mid:R2_netback_GB_NL_DE_PL,,65.98215,102.65,,,36.66785,,spread_strong_positive,spread_unknown,day_ahead_much_stronger_than_forward,True
2024-11-16 00:00:00+00:00,2024-11-16 01:00:00+00:00,R1_netback_GB_FR_DE_PL,elexon_mid:APXMIDP+entsoe_day_ahead,free_entsoe_day_ahead_plus_elexon_mid,free_entsoe_day_ahead_plus_elexon_mid:R1_netback_GB_FR_DE_PL,,74.78055,99.0,,,24.219449999999995,,spread_strong_positive,spread_unknown,day_ahead_much_stronger_than_forward,True
2024-11-16 00:00:00+00:00,2024-11-16 01:00:00+00:00,R2_netback_GB_NL_DE_PL,elexon_mid:APXMIDP+entsoe_day_ahead,free_entsoe_day_ahead_plus_elexon_mid,free_entsoe_day_ahead_plus_elexon_mid:R2_netback_GB_NL_DE_PL,,74.78055,99.09,,,24.30945,,spread_strong_positive,spread_unknown,day_ahead_much_stronger_than_forward,True
2024-11-16 01:00:00+00:00,2024-11-16 02:00:00+00:00,R1_netback_GB_FR_DE_PL,elexon_mid:APXMIDP+entsoe_day_ahead,free_entsoe_day_ahead_plus_elexon_mid,free_entsoe_day_ahead_plus_elexon_mid:R1_netback_GB_FR_DE_PL,,74.8215,94.5,,,19.6785,,spread_positive,spread_unknown,day_ahead_stronger_than_forward,True
2024-11-16 01:00:00+00:00,2024-11-16 02:00:00+00:00,R2_netback_GB_NL_DE_PL,elexon_mid:APXMIDP+entsoe_day_ahead,free_entsoe_day_ahead_plus_elexon_mid,free_entsoe_day_ahead_plus_elexon_mid:R2_netback_GB_NL_DE_PL,,74.8215,97.91,,,23.0885,,spread_strong_positive,spread_unknown,day_ahead_much_stronger_than_forward,True
2024-11-16 02:00:00+00:00,2024-11-16 03:00:00+00:00,R1_netback_GB_FR_DE_PL,elexon_mid:APXMIDP+entsoe_day_ahead,free_entsoe_day_ahead_plus_elexon_mid,free_entsoe_day_ahead_plus_elexon_mid:R1_netback_GB_FR_DE_PL,,51.87195,92.28,,,40.40805,,spread_strong_positive,spread_unknown,day_ahead_much_stronger_than_forward,True
2024-11-16 02:00:00+00:00,2024-11-16 03:00:00+00:00,R2_netback_GB_NL_DE_PL,elexon_mid:APXMIDP+entsoe_day_ahead,free_entsoe_day_ahead_plus_elexon_mid,free_entsoe_day_ahead_plus_elexon_mid:R2_netback_GB_NL_DE_PL,,51.87195,96.07,,,44.19805,,spread_strong_positive,spread_unknown,day_ahead_much_stronger_than_forward,True
2024-11-16 03:00:00+00:00,2024-11-16 04:00:00+00:00,R1_netback_GB_FR_DE_PL,elexon_mid:APXMIDP+entsoe_day_ahead,free_entsoe_day_ahead_plus_elexon_mid,free_entsoe_day_ahead_plus_elexon_mid:R1_netback_GB_FR_DE_PL,,43.43625,92.37,,,48.93375,,spread_strong_positive,spread_unknown,day_ahead_much_stronger_than_forward,True
2024-11-16 03:00:00+00:00,2024-11-16 04:00:00+00:00,R2_netback_GB_NL_DE_PL,elexon_mid:APXMIDP+entsoe_day_ahead,free_entsoe_day_ahead_plus_elexon_mid,free_entsoe_day_ahead_plus_elexon_mid:R2_netback_GB_NL_DE_PL,,43.43625,89.78,,,46.34375,,spread_strong_positive,spread_unknown,day_ahead_much_stronger_than_forward,True
2024-11-16 04:00:00+00:00,2024-11-16 05:00:00+00:00,R1_netback_GB_FR_DE_PL,elexon_mid:APXMIDP+entsoe_day_ahead,free_entsoe_day_ahead_plus_elexon_mid,free_entsoe_day_ahead_plus_elexon_mid:R1_netback_GB_FR_DE_PL,,55.2942,91.98,,,36.6858,,spread_strong_positive,spread_unknown,day_ahead_much_stronger_than_forward,True
2024-11-16 04:00:00+00:00,2024-11-16 05:00:00+00:00,R2_netback_GB_NL_DE_PL,elexon_mid:APXMIDP+entsoe_day_ahead,free_entsoe_day_ahead_plus_elexon_mid,free_entsoe_day_ahead_plus_elexon_mid:R2_netback_GB_NL_DE_PL,,55.2942,86.95,,,31.6558,,spread_strong_positive,spread_unknown,day_ahead_much_stronger_than_forward,True
2024-11-16 05:00:00+00:00,2024-11-16 06:00:00+00:00,R1_netback_GB_FR_DE_PL,elexon_mid:APXMIDP+entsoe_day_ahead,free_entsoe_day_ahead_plus_elexon_mid,free_entsoe_day_ahead_plus_elexon_mid:R1_netback_GB_FR_DE_PL,,71.14185,93.99,,,22.84814999999999,,spread_strong_positive,spread_unknown,day_ahead_much_stronger_than_forward,True
2024-11-16 05:00:00+00:00,2024-11-16 06:00:00+00:00,R2_netback_GB_NL_DE_PL,elexon_mid:APXMIDP+entsoe_day_ahead,free_entsoe_day_ahead_plus_elexon_mid,free_entsoe_day_ahead_plus_elexon_mid:R2_netback_GB_NL_DE_PL,,71.14185,78.6,,,7.458149999999989,,spread_positive,spread_unknown,day_ahead_stronger_than_forward,True
2024-11-16 06:00:00+00:00,2024-11-16 07:00:00+00:00,R1_netback_GB_FR_DE_PL,elexon_mid:APXMIDP+entsoe_day_ahead,free_entsoe_day_ahead_plus_elexon_mid,free_entsoe_day_ahead_plus_elexon_mid:R1_netback_GB_FR_DE_PL,,77.8284,104.52,,,26.691599999999998,,spread_strong_positive,spread_unknown,day_ahead_much_stronger_than_forward,True
2024-11-16 06:00:00+00:00,2024-11-16 07:00:00+00:00,R2_netback_GB_NL_DE_PL,elexon_mid:APXMIDP+entsoe_day_ahead,free_entsoe_day_ahead_plus_elexon_mid,free_entsoe_day_ahead_plus_elexon_mid:R2_netback_GB_NL_DE_PL,,77.8284,90.1,,,12.271599999999992,,spread_positive,spread_unknown,day_ahead_stronger_than_forward,True
2024-11-16 07:00:00+00:00,2024-11-16 08:00:00+00:00,R1_netback_GB_FR_DE_PL,elexon_mid:APXMIDP+entsoe_day_ahead,free_entsoe_day_ahead_plus_elexon_mid,free_entsoe_day_ahead_plus_elexon_mid:R1_netback_GB_FR_DE_PL,,87.65639999999999,114.32,,,26.6636,,spread_strong_positive,spread_unknown,day_ahead_much_stronger_than_forward,True
2024-11-16 07:00:00+00:00,2024-11-16 08:00:00+00:00,R2_netback_GB_NL_DE_PL,elexon_mid:APXMIDP+entsoe_day_ahead,free_entsoe_day_ahead_plus_elexon_mid,free_entsoe_day_ahead_plus_elexon_mid:R2_netback_GB_NL_DE_PL,,87.65639999999999,104.75,,,17.09360000000001,,spread_positive,spread_unknown,day_ahead_stronger_than_forward,True
2024-11-16 08:00:00+00:00,2024-11-16 09:00:00+00:00,R1_netback_GB_FR_DE_PL,elexon_mid:APXMIDP+entsoe_day_ahead,free_entsoe_day_ahead_plus_elexon_mid,free_entsoe_day_ahead_plus_elexon_mid:R1_netback_GB_FR_DE_PL,,109.395,116.0,,,6.605000000000004,,spread_positive,spread_unknown,day_ahead_stronger_than_forward,True
2024-11-16 08:00:00+00:00,2024-11-16 09:00:00+00:00,R2_netback_GB_NL_DE_PL,elexon_mid:APXMIDP+entsoe_day_ahead,free_entsoe_day_ahead_plus_elexon_mid,free_entsoe_day_ahead_plus_elexon_mid:R2_netback_GB_NL_DE_PL,,109.395,118.4,,,9.00500000000001,,spread_positive,spread_unknown,day_ahead_stronger_than_forward,True
2024-11-16 09:00:00+00:00,2024-11-16 10:00:00+00:00,R1_netback_GB_FR_DE_PL,elexon_mid:APXMIDP+entsoe_day_ahead,free_entsoe_day_ahead_plus_elexon_mid,free_entsoe_day_ahead_plus_elexon_mid:R1_netback_GB_FR_DE_PL,,118.10565,112.2,,,-5.905649999999994,,spread_negative,spread_unknown,day_ahead_weaker_than_forward,True
2024-11-16 09:00:00+00:00,2024-11-16 10:00:00+00:00,R2_netback_GB_NL_DE_PL,elexon_mid:APXMIDP+entsoe_day_ahead,free_entsoe_day_ahead_plus_elexon_mid,free_entsoe_day_ahead_plus_elexon_mid:R2_netback_GB_NL_DE_PL,,118.10565,114.9,,,-3.2056499999999915,,spread_flat,spread_unknown,day_ahead_near_forward,True
2024-11-16 10:00:00+00:00,2024-11-16 11:00:00+00:00,R1_netback_GB_FR_DE_PL,elexon_mid:APXMIDP+entsoe_day_ahead,free_entsoe_day_ahead_plus_elexon_mid,free_entsoe_day_ahead_plus_elexon_mid:R1_netback_GB_FR_DE_PL,,114.12765,104.0,,,-10.127649999999988,,spread_negative,spread_unknown,day_ahead_weaker_than_forward,True
2024-11-16 10:00:00+00:00,2024-11-16 11:00:00+00:00,R2_netback_GB_NL_DE_PL,elexon_mid:APXMIDP+entsoe_day_ahead,free_entsoe_day_ahead_plus_elexon_mid,free_entsoe_day_ahead_plus_elexon_mid:R2_netback_GB_NL_DE_PL,,114.12765,111.41,,,-2.717649999999992,,spread_flat,spread_unknown,day_ahead_near_forward,True
2024-11-16 11:00:00+00:00,2024-11-16 12:00:00+00:00,R1_netback_GB_FR_DE_PL,elexon_mid:APXMIDP+entsoe_day_ahead,free_entsoe_day_ahead_plus_elexon_mid,free_entsoe_day_ahead_plus_elexon_mid:R1_netback_GB_FR_DE_PL,,124.24815,101.49,,,-22.75815,,spread_strong_negative,spread_unknown,day_ahead_much_weaker_than_forward,True
2024-11-16 11:00:00+00:00,2024-11-16 12:00:00+00:00,R2_netback_GB_NL_DE_PL,elexon_mid:APXMIDP+entsoe_day_ahead,free_entsoe_day_ahead_plus_elexon_mid,free_entsoe_day_ahead_plus_elexon_mid:R2_netback_GB_NL_DE_PL,,124.24815,108.98,,,-15.268149999999991,,spread_negative,spread_unknown,day_ahead_weaker_than_forward,True
2024-11-16 12:00:00+00:00,2024-11-16 13:00:00+00:00,R1_netback_GB_FR_DE_PL,elexon_mid:APXMIDP+entsoe_day_ahead,free_entsoe_day_ahead_plus_elexon_mid,free_entsoe_day_ahead_plus_elexon_mid:R1_netback_GB_FR_DE_PL,,129.70035,99.54,,,-30.16034999999998,,spread_strong_negative,spread_unknown,day_ahead_much_weaker_than_forward,True
2024-11-16 12:00:00+00:00,2024-11-16 13:00:00+00:00,R2_netback_GB_NL_DE_PL,elexon_mid:APXMIDP+entsoe_day_ahead,free_entsoe_day_ahead_plus_elexon_mid,free_entsoe_day_ahead_plus_elexon_mid:R2_netback_GB_NL_DE_PL,,129.70035,101.76,,,-27.94034999999998,,spread_strong_negative,spread_unknown,day_ahead_much_weaker_than_forward,True
2024-11-16 13:00:00+00:00,2024-11-16 14:00:00+00:00,R1_netback_GB_FR_DE_PL,elexon_mid:APXMIDP+entsoe_day_ahead,free_entsoe_day_ahead_plus_elexon_mid,free_entsoe_day_ahead_plus_elexon_mid:R1_netback_GB_FR_DE_PL,,121.6098,101.51,,,-20.0998,,spread_strong_negative,spread_unknown,day_ahead_much_weaker_than_forward,True
2024-11-16 13:00:00+00:00,2024-11-16 14:00:00+00:00,R2_netback_GB_NL_DE_PL,elexon_mid:APXMIDP+entsoe_day_ahead,free_entsoe_day_ahead_plus_elexon_mid,free_entsoe_day_ahead_plus_elexon_mid:R2_netback_GB_NL_DE_PL,,121.6098,100.0,,,-21.609800000000007,,spread_strong_negative,spread_unknown,day_ahead_much_weaker_than_forward,True
2024-11-16 14:00:00+00:00,2024-11-16 15:00:00+00:00,R1_netback_GB_FR_DE_PL,elexon_mid:APXMIDP+entsoe_day_ahead,free_entsoe_day_ahead_plus_elexon_mid,free_entsoe_day_ahead_plus_elexon_mid:R1_netback_GB_FR_DE_PL,,107.59319999999998,109.05,,,1.4568000000000154,,spread_flat,spread_unknown,day_ahead_near_forward,True
2024-11-16 14:00:00+00:00,2024-11-16 15:00:00+00:00,R2_netback_GB_NL_DE_PL,elexon_mid:APXMIDP+entsoe_day_ahead,free_entsoe_day_ahead_plus_elexon_mid,free_entsoe_day_ahead_plus_elexon_mid:R2_netback_GB_NL_DE_PL,,107.59319999999998,102.58,,,-5.013199999999984,,spread_negative,spread_unknown,day_ahead_weaker_than_forward,True
2024-11-16 15:00:00+00:00,2024-11-16 16:00:00+00:00,R1_netback_GB_FR_DE_PL,elexon_mid:APXMIDP+entsoe_day_ahead,free_entsoe_day_ahead_plus_elexon_mid,free_entsoe_day_ahead_plus_elexon_mid:R1_netback_GB_FR_DE_PL,,118.35135,120.64,,,2.288650000000004,,spread_flat,spread_unknown,day_ahead_near_forward,True
2024-11-16 15:00:00+00:00,2024-11-16 16:00:00+00:00,R2_netback_GB_NL_DE_PL,elexon_mid:APXMIDP+entsoe_day_ahead,free_entsoe_day_ahead_plus_elexon_mid,free_entsoe_day_ahead_plus_elexon_mid:R2_netback_GB_NL_DE_PL,,118.35135,112.05,,,-6.301349999999999,,spread_negative,spread_unknown,day_ahead_weaker_than_forward,True
2024-11-16 16:00:00+00:00,2024-11-16 17:00:00+00:00,R1_netback_GB_FR_DE_PL,elexon_mid:APXMIDP+entsoe_day_ahead,free_entsoe_day_ahead_plus_elexon_mid,free_entsoe_day_ahead_plus_elexon_mid:R1_netback_GB_FR_DE_PL,,129.3903,131.22,,,1.8297000000000023,,spread_flat,spread_unknown,day_ahead_near_forward,True
2024-11-16 16:00:00+00:00,2024-11-16 17:00:00+00:00,R2_netback_GB_NL_DE_PL,elexon_mid:APXMIDP+entsoe_day_ahead,free_entsoe_day_ahead_plus_elexon_mid,free_entsoe_day_ahead_plus_elexon_mid:R2_netback_GB_NL_DE_PL,,129.3903,126.53,,,-2.860299999999995,,spread_flat,spread_unknown,day_ahead_near_forward,True
2024-11-16 17:00:00+00:00,2024-11-16 18:00:00+00:00,R1_netback_GB_FR_DE_PL,elexon_mid:APXMIDP+entsoe_day_ahead,free_entsoe_day_ahead_plus_elexon_mid,free_entsoe_day_ahead_plus_elexon_mid:R1_netback_GB_FR_DE_PL,,141.00255,134.0,,,-7.002549999999985,,spread_negative,spread_unknown,day_ahead_weaker_than_forward,True
2024-11-16 17:00:00+00:00,2024-11-16 18:00:00+00:00,R2_netback_GB_NL_DE_PL,elexon_mid:APXMIDP+entsoe_day_ahead,free_entsoe_day_ahead_plus_elexon_mid,free_entsoe_day_ahead_plus_elexon_mid:R2_netback_GB_NL_DE_PL,,141.00255,122.5,,,-18.502549999999985,,spread_negative,spread_unknown,day_ahead_weaker_than_forward,True
2024-11-16 18:00:00+00:00,2024-11-16 19:00:00+00:00,R1_netback_GB_FR_DE_PL,elexon_mid:APXMIDP+entsoe_day_ahead,free_entsoe_day_ahead_plus_elexon_mid,free_entsoe_day_ahead_plus_elexon_mid:R1_netback_GB_FR_DE_PL,,138.22379999999998,128.91,,,-9.313799999999986,,spread_negative,spread_unknown,day_ahead_weaker_than_forward,True
2024-11-16 18:00:00+00:00,2024-11-16 19:00:00+00:00,R2_netback_GB_NL_DE_PL,elexon_mid:APXMIDP+entsoe_day_ahead,free_entsoe_day_ahead_plus_elexon_mid,free_entsoe_day_ahead_plus_elexon_mid:R2_netback_GB_NL_DE_PL,,138.22379999999998,111.0,,,-27.223799999999983,,spread_strong_negative,spread_unknown,day_ahead_much_weaker_than_forward,True
2024-11-16 19:00:00+00:00,2024-11-16 20:00:00+00:00,R1_netback_GB_FR_DE_PL,elexon_mid:APXMIDP+entsoe_day_ahead,free_entsoe_day_ahead_plus_elexon_mid,free_entsoe_day_ahead_plus_elexon_mid:R1_netback_GB_FR_DE_PL,,116.7894,111.18,,,-5.609399999999994,,spread_negative,spread_unknown,day_ahead_weaker_than_forward,True
2024-11-16 19:00:00+00:00,2024-11-16 20:00:00+00:00,R2_netback_GB_NL_DE_PL,elexon_mid:APXMIDP+entsoe_day_ahead,free_entsoe_day_ahead_plus_elexon_mid,free_entsoe_day_ahead_plus_elexon_mid:R2_netback_GB_NL_DE_PL,,116.7894,119.3,,,2.5105999999999966,,spread_flat,spread_unknown,day_ahead_near_forward,True
2024-11-16 20:00:00+00:00,2024-11-16 21:00:00+00:00,R1_netback_GB_FR_DE_PL,elexon_mid:APXMIDP+entsoe_day_ahead,free_entsoe_day_ahead_plus_elexon_mid,free_entsoe_day_ahead_plus_elexon_mid:R1_netback_GB_FR_DE_PL,,106.96725,100.83,,,-6.137250000000009,,spread_negative,spread_unknown,day_ahead_weaker_than_forward,True
2024-11-16 20:00:00+00:00,2024-11-16 21:00:00+00:00,R2_netback_GB_NL_DE_PL,elexon_mid:APXMIDP+entsoe_day_ahead,free_entsoe_day_ahead_plus_elexon_mid,free_entsoe_day_ahead_plus_elexon_mid:R2_netback_GB_NL_DE_PL,,106.96725,,,,,,spread_unknown,spread_unknown,no_upstream_feed,False
2024-11-16 21:00:00+00:00,2024-11-16 22:00:00+00:00,R1_netback_GB_FR_DE_PL,elexon_mid:APXMIDP+entsoe_day_ahead,free_entsoe_day_ahead_plus_elexon_mid,free_entsoe_day_ahead_plus_elexon_mid:R1_netback_GB_FR_DE_PL,,111.3957,106.33,,,-5.0656999999999925,,spread_negative,spread_unknown,day_ahead_weaker_than_forward,True
2024-11-16 21:00:00+00:00,2024-11-16 22:00:00+00:00,R2_netback_GB_NL_DE_PL,elexon_mid:APXMIDP+entsoe_day_ahead,free_entsoe_day_ahead_plus_elexon_mid,free_entsoe_day_ahead_plus_elexon_mid:R2_netback_GB_NL_DE_PL,,111.3957,117.62,,,6.224300000000014,,spread_positive,spread_unknown,day_ahead_stronger_than_forward,True
2024-11-16 22:00:00+00:00,2024-11-16 23:00:00+00:00,R1_netback_GB_FR_DE_PL,elexon_mid:APXMIDP+entsoe_day_ahead,free_entsoe_day_ahead_plus_elexon_mid,free_entsoe_day_ahead_plus_elexon_mid:R1_netback_GB_FR_DE_PL,,103.8609,107.29,,,3.42910000000002,,spread_flat,spread_unknown,day_ahead_near_forward,True
2024-11-16 22:00:00+00:00,2024-11-16 23:00:00+00:00,R2_netback_GB_NL_DE_PL,elexon_mid:APXMIDP+entsoe_day_ahead,free_entsoe_day_ahead_plus_elexon_mid,free_entsoe_day_ahead_plus_elexon_mid:R2_netback_GB_NL_DE_PL,,103.8609,95.96,,,-7.900899999999993,,spread_negative,spread_unknown,day_ahead_weaker_than_forward,True
2024-11-16 23:00:00+00:00,2024-11-17 00:00:00+00:00,R1_netback_GB_FR_DE_PL,elexon_mid:APXMIDP+entsoe_day_ahead,free_entsoe_day_ahead_plus_elexon_mid,free_entsoe_day_ahead_plus_elexon_mid:R1_netback_GB_FR_DE_PL,,84.5325,90.25,,,5.717500000000001,,spread_positive,spread_unknown,day_ahead_stronger_than_forward,True
2024-11-16 23:00:00+00:00,2024-11-17 00:00:00+00:00,R2_netback_GB_NL_DE_PL,elexon_mid:APXMIDP+entsoe_day_ahead,free_entsoe_day_ahead_plus_elexon_mid,free_entsoe_day_ahead_plus_elexon_mid:R2_netback_GB_NL_DE_PL,,84.5325,96.05,,,11.517499999999998,,spread_positive,spread_unknown,day_ahead_stronger_than_forward,True
2024-11-17 00:00:00+00:00,2024-11-17 01:00:00+00:00,R1_netback_GB_FR_DE_PL,elexon_mid:APXMIDP+entsoe_day_ahead,free_entsoe_day_ahead_plus_elexon_mid,free_entsoe_day_ahead_plus_elexon_mid:R1_netback_GB_FR_DE_PL,,80.36729999999999,82.16,,,1.7927000000000106,,spread_flat,spread_unknown,day_ahead_near_forward,True
2024-11-17 00:00:00+00:00,2024-11-17 01:00:00+00:00,R2_netback_GB_NL_DE_PL,elexon_mid:APXMIDP+entsoe_day_ahead,free_entsoe_day_ahead_plus_elexon_mid,free_entsoe_day_ahead_plus_elexon_mid:R2_netback_GB_NL_DE_PL,,80.36729999999999,90.92,,,10.552700000000016,,spread_positive,spread_unknown,day_ahead_stronger_than_forward,True
2024-11-17 01:00:00+00:00,2024-11-17 02:00:00+00:00,R1_netback_GB_FR_DE_PL,elexon_mid:APXMIDP+entsoe_day_ahead,free_entsoe_day_ahead_plus_elexon_mid,free_entsoe_day_ahead_plus_elexon_mid:R1_netback_GB_FR_DE_PL,,76.42439999999999,79.81,,,3.385600000000011,,spread_flat,spread_unknown,day_ahead_near_forward,True
2024-11-17 01:00:00+00:00,2024-11-17 02:00:00+00:00,R2_netback_GB_NL_DE_PL,elexon_mid:APXMIDP+entsoe_day_ahead,free_entsoe_day_ahead_plus_elexon_mid,free_entsoe_day_ahead_plus_elexon_mid:R2_netback_GB_NL_DE_PL,,76.42439999999999,74.33,,,-2.094399999999993,,spread_flat,spread_unknown,day_ahead_near_forward,True
2024-11-17 02:00:00+00:00,2024-11-17 03:00:00+00:00,R1_netback_GB_FR_DE_PL,elexon_mid:APXMIDP+entsoe_day_ahead,free_entsoe_day_ahead_plus_elexon_mid,free_entsoe_day_ahead_plus_elexon_mid:R1_netback_GB_FR_DE_PL,,63.811800000000005,67.92,,,4.1081999999999965,,spread_flat,spread_unknown,day_ahead_near_forward,True
2024-11-17 02:00:00+00:00,2024-11-17 03:00:00+00:00,R2_netback_GB_NL_DE_PL,elexon_mid:APXMIDP+entsoe_day_ahead,free_entsoe_day_ahead_plus_elexon_mid,free_entsoe_day_ahead_plus_elexon_mid:R2_netback_GB_NL_DE_PL,,63.811800000000005,61.18,,,-2.631800000000005,,spread_flat,spread_unknown,day_ahead_near_forward,True
2024-11-17 03:00:00+00:00,2024-11-17 04:00:00+00:00,R1_netback_GB_FR_DE_PL,elexon_mid:APXMIDP+entsoe_day_ahead,free_entsoe_day_ahead_plus_elexon_mid,free_entsoe_day_ahead_plus_elexon_mid:R1_netback_GB_FR_DE_PL,,48.9177,54.17,,,5.252300000000005,,spread_positive,spread_unknown,day_ahead_stronger_than_forward,True
2024-11-17 03:00:00+00:00,2024-11-17 04:00:00+00:00,R2_netback_GB_NL_DE_PL,elexon_mid:APXMIDP+entsoe_day_ahead,free_entsoe_day_ahead_plus_elexon_mid,free_entsoe_day_ahead_plus_elexon_mid:R2_netback_GB_NL_DE_PL,,48.9177,45.53,,,-3.3876999999999957,,spread_flat,spread_unknown,day_ahead_near_forward,True
2024-11-17 04:00:00+00:00,2024-11-17 05:00:00+00:00,R1_netback_GB_FR_DE_PL,elexon_mid:APXMIDP+entsoe_day_ahead,free_entsoe_day_ahead_plus_elexon_mid,free_entsoe_day_ahead_plus_elexon_mid:R1_netback_GB_FR_DE_PL,,58.71645,50.05,,,-8.666449999999998,,spread_negative,spread_unknown,day_ahead_weaker_than_forward,True
2024-11-17 04:00:00+00:00,2024-11-17 05:00:00+00:00,R2_netback_GB_NL_DE_PL,elexon_mid:APXMIDP+entsoe_day_ahead,free_entsoe_day_ahead_plus_elexon_mid,free_entsoe_day_ahead_plus_elexon_mid:R2_netback_GB_NL_DE_PL,,58.71645,39.3,,,-19.41645,,spread_negative,spread_unknown,day_ahead_weaker_than_forward,True
2024-11-17 05:00:00+00:00,2024-11-17 06:00:00+00:00,R1_netback_GB_FR_DE_PL,elexon_mid:APXMIDP+entsoe_day_ahead,free_entsoe_day_ahead_plus_elexon_mid,free_entsoe_day_ahead_plus_elexon_mid:R1_netback_GB_FR_DE_PL,,49.66065,56.34,,,6.679350000000007,,spread_positive,spread_unknown,day_ahead_stronger_than_forward,True
2024-11-17 05:00:00+00:00,2024-11-17 06:00:00+00:00,R2_netback_GB_NL_DE_PL,elexon_mid:APXMIDP+entsoe_day_ahead,free_entsoe_day_ahead_plus_elexon_mid,free_entsoe_day_ahead_plus_elexon_mid:R2_netback_GB_NL_DE_PL,,49.66065,46.6,,,-3.0606499999999954,,spread_flat,spread_unknown,day_ahead_near_forward,True
2024-11-17 06:00:00+00:00,2024-11-17 07:00:00+00:00,R1_netback_GB_FR_DE_PL,elexon_mid:APXMIDP+entsoe_day_ahead,free_entsoe_day_ahead_plus_elexon_mid,free_entsoe_day_ahead_plus_elexon_mid:R1_netback_GB_FR_DE_PL,,76.02659999999999,71.3,,,-4.726599999999991,,spread_flat,spread_unknown,day_ahead_near_forward,True
2024-11-17 06:00:00+00:00,2024-11-17 07:00:00+00:00,R2_netback_GB_NL_DE_PL,elexon_mid:APXMIDP+entsoe_day_ahead,free_entsoe_day_ahead_plus_elexon_mid,free_entsoe_day_ahead_plus_elexon_mid:R2_netback_GB_NL_DE_PL,,76.02659999999999,64.04,,,-11.98659999999998,,spread_negative,spread_unknown,day_ahead_weaker_than_forward,True
2024-11-17 07:00:00+00:00,2024-11-17 08:00:00+00:00,R1_netback_GB_FR_DE_PL,elexon_mid:APXMIDP+entsoe_day_ahead,free_entsoe_day_ahead_plus_elexon_mid,free_entsoe_day_ahead_plus_elexon_mid:R1_netback_GB_FR_DE_PL,,106.52265,81.35,,,-25.172650000000004,,spread_strong_negative,spread_unknown,day_ahead_much_weaker_than_forward,True
2024-11-17 07:00:00+00:00,2024-11-17 08:00:00+00:00,R2_netback_GB_NL_DE_PL,elexon_mid:APXMIDP+entsoe_day_ahead,free_entsoe_day_ahead_plus_elexon_mid,free_entsoe_day_ahead_plus_elexon_mid:R2_netback_GB_NL_DE_PL,,106.52265,85.7,,,-20.82265,,spread_strong_negative,spread_unknown,day_ahead_much_weaker_than_forward,True
2024-11-17 08:00:00+00:00,2024-11-17 09:00:00+00:00,R1_netback_GB_FR_DE_PL,elexon_mid:APXMIDP+entsoe_day_ahead,free_entsoe_day_ahead_plus_elexon_mid,free_entsoe_day_ahead_plus_elexon_mid:R1_netback_GB_FR_DE_PL,,110.02095,95.63,,,-14.390950000000004,,spread_negative,spread_unknown,day_ahead_weaker_than_forward,True
2024-11-17 08:00:00+00:00,2024-11-17 09:00:00+00:00,R2_netback_GB_NL_DE_PL,elexon_mid:APXMIDP+entsoe_day_ahead,free_entsoe_day_ahead_plus_elexon_mid,free_entsoe_day_ahead_plus_elexon_mid:R2_netback_GB_NL_DE_PL,,110.02095,92.8,,,-17.220950000000002,,spread_negative,spread_unknown,day_ahead_weaker_than_forward,True
2024-11-17 09:00:00+00:00,2024-11-17 10:00:00+00:00,R1_netback_GB_FR_DE_PL,elexon_mid:APXMIDP+entsoe_day_ahead,free_entsoe_day_ahead_plus_elexon_mid,free_entsoe_day_ahead_plus_elexon_mid:R1_netback_GB_FR_DE_PL,,120.66209999999998,87.79,,,-32.872099999999975,,spread_strong_negative,spread_unknown,day_ahead_much_weaker_than_forward,True
2024-11-17 09:00:00+00:00,2024-11-17 10:00:00+00:00,R2_netback_GB_NL_DE_PL,elexon_mid:APXMIDP+entsoe_day_ahead,free_entsoe_day_ahead_plus_elexon_mid,free_entsoe_day_ahead_plus_elexon_mid:R2_netback_GB_NL_DE_PL,,120.66209999999998,45.03,,,-75.63209999999998,,spread_strong_negative,spread_unknown,day_ahead_much_weaker_than_forward,True
2024-11-17 10:00:00+00:00,2024-11-17 11:00:00+00:00,R1_netback_GB_FR_DE_PL,elexon_mid:APXMIDP+entsoe_day_ahead,free_entsoe_day_ahead_plus_elexon_mid,free_entsoe_day_ahead_plus_elexon_mid:R1_netback_GB_FR_DE_PL,,118.5561,89.09,,,-29.466099999999983,,spread_strong_negative,spread_unknown,day_ahead_much_weaker_than_forward,True
2024-11-17 10:00:00+00:00,2024-11-17 11:00:00+00:00,R2_netback_GB_NL_DE_PL,elexon_mid:APXMIDP+entsoe_day_ahead,free_entsoe_day_ahead_plus_elexon_mid,free_entsoe_day_ahead_plus_elexon_mid:R2_netback_GB_NL_DE_PL,,118.5561,13.8,,,-104.7561,,spread_strong_negative,spread_unknown,day_ahead_much_weaker_than_forward,True
2024-11-17 11:00:00+00:00,2024-11-17 12:00:00+00:00,R1_netback_GB_FR_DE_PL,elexon_mid:APXMIDP+entsoe_day_ahead,free_entsoe_day_ahead_plus_elexon_mid,free_entsoe_day_ahead_plus_elexon_mid:R1_netback_GB_FR_DE_PL,,106.7625,92.68,,,-14.082499999999982,,spread_negative,spread_unknown,day_ahead_weaker_than_forward,True
2024-11-17 11:00:00+00:00,2024-11-17 12:00:00+00:00,R2_netback_GB_NL_DE_PL,elexon_mid:APXMIDP+entsoe_day_ahead,free_entsoe_day_ahead_plus_elexon_mid,free_entsoe_day_ahead_plus_elexon_mid:R2_netback_GB_NL_DE_PL,,106.7625,24.47,,,-82.29249999999999,,spread_strong_negative,spread_unknown,day_ahead_much_weaker_than_forward,True
2024-11-17 12:00:00+00:00,2024-11-17 13:00:00+00:00,R1_netback_GB_FR_DE_PL,elexon_mid:APXMIDP+entsoe_day_ahead,free_entsoe_day_ahead_plus_elexon_mid,free_entsoe_day_ahead_plus_elexon_mid:R1_netback_GB_FR_DE_PL,,97.49025,87.79,,,-9.700249999999995,,spread_negative,spread_unknown,day_ahead_weaker_than_forward,True
2024-11-17 12:00:00+00:00,2024-11-17 13:00:00+00:00,R2_netback_GB_NL_DE_PL,elexon_mid:APXMIDP+entsoe_day_ahead,free_entsoe_day_ahead_plus_elexon_mid,free_entsoe_day_ahead_plus_elexon_mid:R2_netback_GB_NL_DE_PL,,97.49025,14.93,,,-82.56025,,spread_strong_negative,spread_unknown,day_ahead_much_weaker_than_forward,True
2024-11-17 13:00:00+00:00,2024-11-17 14:00:00+00:00,R1_netback_GB_FR_DE_PL,elexon_mid:APXMIDP+entsoe_day_ahead,free_entsoe_day_ahead_plus_elexon_mid,free_entsoe_day_ahead_plus_elexon_mid:R1_netback_GB_FR_DE_PL,,98.6778,74.29,,,-24.387799999999984,,spread_strong_negative,spread_unknown,day_ahead_much_weaker_than_forward,True
2024-11-17 13:00:00+00:00,2024-11-17 14:00:00+00:00,R2_netback_GB_NL_DE_PL,elexon_mid:APXMIDP+entsoe_day_ahead,free_entsoe_day_ahead_plus_elexon_mid,free_entsoe_day_ahead_plus_elexon_mid:R2_netback_GB_NL_DE_PL,,98.6778,59.8,,,-38.87779999999999,,spread_strong_negative,spread_unknown,day_ahead_much_weaker_than_forward,True
2024-11-17 14:00:00+00:00,2024-11-17 15:00:00+00:00,R1_netback_GB_FR_DE_PL,elexon_mid:APXMIDP+entsoe_day_ahead,free_entsoe_day_ahead_plus_elexon_mid,free_entsoe_day_ahead_plus_elexon_mid:R1_netback_GB_FR_DE_PL,,103.9662,94.51,,,-9.456199999999995,,spread_negative,spread_unknown,day_ahead_weaker_than_forward,True
2024-11-17 14:00:00+00:00,2024-11-17 15:00:00+00:00,R2_netback_GB_NL_DE_PL,elexon_mid:APXMIDP+entsoe_day_ahead,free_entsoe_day_ahead_plus_elexon_mid,free_entsoe_day_ahead_plus_elexon_mid:R2_netback_GB_NL_DE_PL,,103.9662,82.19,,,-21.776200000000003,,spread_strong_negative,spread_unknown,day_ahead_much_weaker_than_forward,True
2024-11-17 15:00:00+00:00,2024-11-17 16:00:00+00:00,R1_netback_GB_FR_DE_PL,elexon_mid:APXMIDP+entsoe_day_ahead,free_entsoe_day_ahead_plus_elexon_mid,free_entsoe_day_ahead_plus_elexon_mid:R1_netback_GB_FR_DE_PL,,124.3593,97.03,,,-27.32929999999999,,spread_strong_negative,spread_unknown,day_ahead_much_weaker_than_forward,True
2024-11-17 15:00:00+00:00,2024-11-17 16:00:00+00:00,R2_netback_GB_NL_DE_PL,elexon_mid:APXMIDP+entsoe_day_ahead,free_entsoe_day_ahead_plus_elexon_mid,free_entsoe_day_ahead_plus_elexon_mid:R2_netback_GB_NL_DE_PL,,124.3593,113.8,,,-10.559299999999991,,spread_negative,spread_unknown,day_ahead_weaker_than_forward,True
2024-11-17 16:00:00+00:00,2024-11-17 17:00:00+00:00,R1_netback_GB_FR_DE_PL,elexon_mid:APXMIDP+entsoe_day_ahead,free_entsoe_day_ahead_plus_elexon_mid,free_entsoe_day_ahead_plus_elexon_mid:R1_netback_GB_FR_DE_PL,,138.91995,119.04,,,-19.879949999999997,,spread_negative,spread_unknown,day_ahead_weaker_than_forward,True
2024-11-17 16:00:00+00:00,2024-11-17 17:00:00+00:00,R2_netback_GB_NL_DE_PL,elexon_mid:APXMIDP+entsoe_day_ahead,free_entsoe_day_ahead_plus_elexon_mid,free_entsoe_day_ahead_plus_elexon_mid:R2_netback_GB_NL_DE_PL,,138.91995,130.6,,,-8.319950000000006,,spread_negative,spread_unknown,day_ahead_weaker_than_forward,True
2024-11-17 17:00:00+00:00,2024-11-17 18:00:00+00:00,R1_netback_GB_FR_DE_PL,elexon_mid:APXMIDP+entsoe_day_ahead,free_entsoe_day_ahead_plus_elexon_mid,free_entsoe_day_ahead_plus_elexon_mid:R1_netback_GB_FR_DE_PL,,147.27375,135.43,,,-11.84375,,spread_negative,spread_unknown,day_ahead_weaker_than_forward,True
2024-11-17 17:00:00+00:00,2024-11-17 18:00:00+00:00,R2_netback_GB_NL_DE_PL,elexon_mid:APXMIDP+entsoe_day_ahead,free_entsoe_day_ahead_plus_elexon_mid,free_entsoe_day_ahead_plus_elexon_mid:R2_netback_GB_NL_DE_PL,,147.27375,124.9,,,-22.37375,,spread_strong_negative,spread_unknown,day_ahead_much_weaker_than_forward,True
2024-11-17 18:00:00+00:00,2024-11-17 19:00:00+00:00,R1_netback_GB_FR_DE_PL,elexon_mid:APXMIDP+entsoe_day_ahead,free_entsoe_day_ahead_plus_elexon_mid,free_entsoe_day_ahead_plus_elexon_mid:R1_netback_GB_FR_DE_PL,,145.4895,132.42,,,-13.069500000000003,,spread_negative,spread_unknown,day_ahead_weaker_than_forward,True
2024-11-17 18:00:00+00:00,2024-11-17 19:00:00+00:00,R2_netback_GB_NL_DE_PL,elexon_mid:APXMIDP+entsoe_day_ahead,free_entsoe_day_ahead_plus_elexon_mid,free_entsoe_day_ahead_plus_elexon_mid:R2_netback_GB_NL_DE_PL,,145.4895,100.0,,,-45.48949999999999,,spread_strong_negative,spread_unknown,day_ahead_much_weaker_than_forward,True
2024-11-17 19:00:00+00:00,2024-11-17 20:00:00+00:00,R1_netback_GB_FR_DE_PL,elexon_mid:APXMIDP+entsoe_day_ahead,free_entsoe_day_ahead_plus_elexon_mid,free_entsoe_day_ahead_plus_elexon_mid:R1_netback_GB_FR_DE_PL,,132.3738,107.32,,,-25.053799999999995,,spread_strong_negative,spread_unknown,day_ahead_much_weaker_than_forward,True
2024-11-17 19:00:00+00:00,2024-11-17 20:00:00+00:00,R2_netback_GB_NL_DE_PL,elexon_mid:APXMIDP+entsoe_day_ahead,free_entsoe_day_ahead_plus_elexon_mid,free_entsoe_day_ahead_plus_elexon_mid:R2_netback_GB_NL_DE_PL,,132.3738,124.97,,,-7.40379999999999,,spread_negative,spread_unknown,day_ahead_weaker_than_forward,True
2024-11-17 20:00:00+00:00,2024-11-17 21:00:00+00:00,R1_netback_GB_FR_DE_PL,elexon_mid:APXMIDP+entsoe_day_ahead,free_entsoe_day_ahead_plus_elexon_mid,free_entsoe_day_ahead_plus_elexon_mid:R1_netback_GB_FR_DE_PL,,123.51104999999998,103.7,,,-19.81104999999998,,spread_negative,spread_unknown,day_ahead_weaker_than_forward,True
2024-11-17 20:00:00+00:00,2024-11-17 21:00:00+00:00,R2_netback_GB_NL_DE_PL,elexon_mid:APXMIDP+entsoe_day_ahead,free_entsoe_day_ahead_plus_elexon_mid,free_entsoe_day_ahead_plus_elexon_mid:R2_netback_GB_NL_DE_PL,,123.51104999999998,115.0,,,-8.511049999999983,,spread_negative,spread_unknown,day_ahead_weaker_than_forward,True
2024-11-17 21:00:00+00:00,2024-11-17 22:00:00+00:00,R1_netback_GB_FR_DE_PL,elexon_mid:APXMIDP+entsoe_day_ahead,free_entsoe_day_ahead_plus_elexon_mid,free_entsoe_day_ahead_plus_elexon_mid:R1_netback_GB_FR_DE_PL,,116.29215,103.45,,,-12.84214999999999,,spread_negative,spread_unknown,day_ahead_weaker_than_forward,True
2024-11-17 21:00:00+00:00,2024-11-17 22:00:00+00:00,R2_netback_GB_NL_DE_PL,elexon_mid:APXMIDP+entsoe_day_ahead,free_entsoe_day_ahead_plus_elexon_mid,free_entsoe_day_ahead_plus_elexon_mid:R2_netback_GB_NL_DE_PL,,116.29215,119.9,,,3.607850000000013,,spread_flat,spread_unknown,day_ahead_near_forward,True
2024-11-17 22:00:00+00:00,2024-11-17 23:00:00+00:00,R1_netback_GB_FR_DE_PL,elexon_mid:APXMIDP+entsoe_day_ahead,free_entsoe_day_ahead_plus_elexon_mid,free_entsoe_day_ahead_plus_elexon_mid:R1_netback_GB_FR_DE_PL,,113.8293,106.47,,,-7.35929999999999,,spread_negative,spread_unknown,day_ahead_weaker_than_forward,True
2024-11-17 22:00:00+00:00,2024-11-17 23:00:00+00:00,R2_netback_GB_NL_DE_PL,elexon_mid:APXMIDP+entsoe_day_ahead,free_entsoe_day_ahead_plus_elexon_mid,free_entsoe_day_ahead_plus_elexon_mid:R2_netback_GB_NL_DE_PL,,113.8293,110.0,,,-3.829299999999989,,spread_flat,spread_unknown,day_ahead_near_forward,True
2024-11-17 23:00:00+00:00,2024-11-18 00:00:00+00:00,R1_netback_GB_FR_DE_PL,elexon_mid:APXMIDP+entsoe_day_ahead,free_entsoe_day_ahead_plus_elexon_mid,free_entsoe_day_ahead_plus_elexon_mid:R1_netback_GB_FR_DE_PL,,98.72459999999998,,,,,,spread_unknown,spread_unknown,no_upstream_feed,False
2024-11-17 23:00:00+00:00,2024-11-18 00:00:00+00:00,R2_netback_GB_NL_DE_PL,elexon_mid:APXMIDP+entsoe_day_ahead,free_entsoe_day_ahead_plus_elexon_mid,free_entsoe_day_ahead_plus_elexon_mid:R2_netback_GB_NL_DE_PL,,98.72459999999998,,,,,,spread_unknown,spread_unknown,no_upstream_feed,False
