date,interval_start_local,interval_end_local,interval_start_utc,interval_end_utc,connector_key,connector_label,operator_name,nominal_capacity_mw,source_provider,source_key,source_label,target_is_proxy,operator_fetch_ok,operator_source_gap_reason,operator_event_count,operator_active_flag,operator_partial_availability_flag,operator_availability_state,operator_capacity_evidence_tier,operator_capacity_limit_mw,operator_min_available_capacity_mw,operator_max_unavailable_capacity_mw,operator_normal_capacity_mw,latest_operator_publish_time_utc
2024-10-14,2024-10-14 00:00:00+01:00,2024-10-14 01:00:00+01:00,2024-10-13 23:00:00+00:00,2024-10-14 00:00:00+00:00,eleclink,ElecLink,ElecLink Limited / Getlink,1000.0,nordpool_umm,nordpool_umm,Nord Pool UMM,False,False,no_eleclink_source_available,0,False,False,unknown_source,source_unavailable,,,,,
2024-10-14,2024-10-14 00:00:00+01:00,2024-10-14 01:00:00+01:00,2024-10-13 23:00:00+00:00,2024-10-14 00:00:00+00:00,ifa,IFA,National Grid Interconnectors / RTE,2000.0,elexon_remit,elexon_remit_connector,Elexon REMIT transmission-unavailability messages,False,True,,0,False,False,available,operator_no_active_outage,2000.0,,,,
2024-10-14,2024-10-14 00:00:00+01:00,2024-10-14 01:00:00+01:00,2024-10-13 23:00:00+00:00,2024-10-14 00:00:00+00:00,ifa2,IFA2,National Grid IFA2 Limited / RTE,1000.0,elexon_remit,elexon_remit_connector,Elexon REMIT transmission-unavailability messages,False,True,,2,True,True,partial_outage,operator_outage_truth,500.0,500.0,514.0,1014.0,2024-11-17 23:13:07+00:00
2024-10-14,2024-10-14 01:00:00+01:00,2024-10-14 02:00:00+01:00,2024-10-14 00:00:00+00:00,2024-10-14 01:00:00+00:00,eleclink,ElecLink,ElecLink Limited / Getlink,1000.0,nordpool_umm,nordpool_umm,Nord Pool UMM,False,False,no_eleclink_source_available,0,False,False,unknown_source,source_unavailable,,,,,
2024-10-14,2024-10-14 01:00:00+01:00,2024-10-14 02:00:00+01:00,2024-10-14 00:00:00+00:00,2024-10-14 01:00:00+00:00,ifa,IFA,National Grid Interconnectors / RTE,2000.0,elexon_remit,elexon_remit_connector,Elexon REMIT transmission-unavailability messages,False,True,,0,False,False,available,operator_no_active_outage,2000.0,,,,
2024-10-14,2024-10-14 01:00:00+01:00,2024-10-14 02:00:00+01:00,2024-10-14 00:00:00+00:00,2024-10-14 01:00:00+00:00,ifa2,IFA2,National Grid IFA2 Limited / RTE,1000.0,elexon_remit,elexon_remit_connector,Elexon REMIT transmission-unavailability messages,False,True,,2,True,True,partial_outage,operator_outage_truth,500.0,500.0,514.0,1014.0,2024-11-17 23:13:07+00:00
2024-10-14,2024-10-14 02:00:00+01:00,2024-10-14 03:00:00+01:00,2024-10-14 01:00:00+00:00,2024-10-14 02:00:00+00:00,eleclink,ElecLink,ElecLink Limited / Getlink,1000.0,nordpool_umm,nordpool_umm,Nord Pool UMM,False,False,no_eleclink_source_available,0,False,False,unknown_source,source_unavailable,,,,,
2024-10-14,2024-10-14 02:00:00+01:00,2024-10-14 03:00:00+01:00,2024-10-14 01:00:00+00:00,2024-10-14 02:00:00+00:00,ifa,IFA,National Grid Interconnectors / RTE,2000.0,elexon_remit,elexon_remit_connector,Elexon REMIT transmission-unavailability messages,False,True,,0,False,False,available,operator_no_active_outage,2000.0,,,,
2024-10-14,2024-10-14 02:00:00+01:00,2024-10-14 03:00:00+01:00,2024-10-14 01:00:00+00:00,2024-10-14 02:00:00+00:00,ifa2,IFA2,National Grid IFA2 Limited / RTE,1000.0,elexon_remit,elexon_remit_connector,Elexon REMIT transmission-unavailability messages,False,True,,2,True,True,partial_outage,operator_outage_truth,500.0,500.0,514.0,1014.0,2024-11-17 23:13:07+00:00
2024-10-14,2024-10-14 03:00:00+01:00,2024-10-14 04:00:00+01:00,2024-10-14 02:00:00+00:00,2024-10-14 03:00:00+00:00,eleclink,ElecLink,ElecLink Limited / Getlink,1000.0,nordpool_umm,nordpool_umm,Nord Pool UMM,False,False,no_eleclink_source_available,0,False,False,unknown_source,source_unavailable,,,,,
2024-10-14,2024-10-14 03:00:00+01:00,2024-10-14 04:00:00+01:00,2024-10-14 02:00:00+00:00,2024-10-14 03:00:00+00:00,ifa,IFA,National Grid Interconnectors / RTE,2000.0,elexon_remit,elexon_remit_connector,Elexon REMIT transmission-unavailability messages,False,True,,0,False,False,available,operator_no_active_outage,2000.0,,,,
2024-10-14,2024-10-14 03:00:00+01:00,2024-10-14 04:00:00+01:00,2024-10-14 02:00:00+00:00,2024-10-14 03:00:00+00:00,ifa2,IFA2,National Grid IFA2 Limited / RTE,1000.0,elexon_remit,elexon_remit_connector,Elexon REMIT transmission-unavailability messages,False,True,,2,True,True,partial_outage,operator_outage_truth,500.0,500.0,514.0,1014.0,2024-11-17 23:13:07+00:00
2024-10-14,2024-10-14 04:00:00+01:00,2024-10-14 05:00:00+01:00,2024-10-14 03:00:00+00:00,2024-10-14 04:00:00+00:00,eleclink,ElecLink,ElecLink Limited / Getlink,1000.0,nordpool_umm,nordpool_umm,Nord Pool UMM,False,False,no_eleclink_source_available,0,False,False,unknown_source,source_unavailable,,,,,
2024-10-14,2024-10-14 04:00:00+01:00,2024-10-14 05:00:00+01:00,2024-10-14 03:00:00+00:00,2024-10-14 04:00:00+00:00,ifa,IFA,National Grid Interconnectors / RTE,2000.0,elexon_remit,elexon_remit_connector,Elexon REMIT transmission-unavailability messages,False,True,,0,False,False,available,operator_no_active_outage,2000.0,,,,
2024-10-14,2024-10-14 04:00:00+01:00,2024-10-14 05:00:00+01:00,2024-10-14 03:00:00+00:00,2024-10-14 04:00:00+00:00,ifa2,IFA2,National Grid IFA2 Limited / RTE,1000.0,elexon_remit,elexon_remit_connector,Elexon REMIT transmission-unavailability messages,False,True,,2,True,True,partial_outage,operator_outage_truth,500.0,500.0,514.0,1014.0,2024-11-17 23:13:07+00:00
2024-10-14,2024-10-14 05:00:00+01:00,2024-10-14 06:00:00+01:00,2024-10-14 04:00:00+00:00,2024-10-14 05:00:00+00:00,eleclink,ElecLink,ElecLink Limited / Getlink,1000.0,nordpool_umm,nordpool_umm,Nord Pool UMM,False,False,no_eleclink_source_available,0,False,False,unknown_source,source_unavailable,,,,,
2024-10-14,2024-10-14 05:00:00+01:00,2024-10-14 06:00:00+01:00,2024-10-14 04:00:00+00:00,2024-10-14 05:00:00+00:00,ifa,IFA,National Grid Interconnectors / RTE,2000.0,elexon_remit,elexon_remit_connector,Elexon REMIT transmission-unavailability messages,False,True,,0,False,False,available,operator_no_active_outage,2000.0,,,,
2024-10-14,2024-10-14 05:00:00+01:00,2024-10-14 06:00:00+01:00,2024-10-14 04:00:00+00:00,2024-10-14 05:00:00+00:00,ifa2,IFA2,National Grid IFA2 Limited / RTE,1000.0,elexon_remit,elexon_remit_connector,Elexon REMIT transmission-unavailability messages,False,True,,2,True,True,partial_outage,operator_outage_truth,500.0,500.0,514.0,1014.0,2024-11-17 23:13:07+00:00
2024-10-14,2024-10-14 06:00:00+01:00,2024-10-14 07:00:00+01:00,2024-10-14 05:00:00+00:00,2024-10-14 06:00:00+00:00,eleclink,ElecLink,ElecLink Limited / Getlink,1000.0,nordpool_umm,nordpool_umm,Nord Pool UMM,False,False,no_eleclink_source_available,0,False,False,unknown_source,source_unavailable,,,,,
2024-10-14,2024-10-14 06:00:00+01:00,2024-10-14 07:00:00+01:00,2024-10-14 05:00:00+00:00,2024-10-14 06:00:00+00:00,ifa,IFA,National Grid Interconnectors / RTE,2000.0,elexon_remit,elexon_remit_connector,Elexon REMIT transmission-unavailability messages,False,True,,0,False,False,available,operator_no_active_outage,2000.0,,,,
2024-10-14,2024-10-14 06:00:00+01:00,2024-10-14 07:00:00+01:00,2024-10-14 05:00:00+00:00,2024-10-14 06:00:00+00:00,ifa2,IFA2,National Grid IFA2 Limited / RTE,1000.0,elexon_remit,elexon_remit_connector,Elexon REMIT transmission-unavailability messages,False,True,,2,True,True,partial_outage,operator_outage_truth,500.0,500.0,514.0,1014.0,2024-11-17 23:13:07+00:00
2024-10-14,2024-10-14 07:00:00+01:00,2024-10-14 08:00:00+01:00,2024-10-14 06:00:00+00:00,2024-10-14 07:00:00+00:00,eleclink,ElecLink,ElecLink Limited / Getlink,1000.0,nordpool_umm,nordpool_umm,Nord Pool UMM,False,False,no_eleclink_source_available,0,False,False,unknown_source,source_unavailable,,,,,
2024-10-14,2024-10-14 07:00:00+01:00,2024-10-14 08:00:00+01:00,2024-10-14 06:00:00+00:00,2024-10-14 07:00:00+00:00,ifa,IFA,National Grid Interconnectors / RTE,2000.0,elexon_remit,elexon_remit_connector,Elexon REMIT transmission-unavailability messages,False,True,,0,False,False,available,operator_no_active_outage,2000.0,,,,
2024-10-14,2024-10-14 07:00:00+01:00,2024-10-14 08:00:00+01:00,2024-10-14 06:00:00+00:00,2024-10-14 07:00:00+00:00,ifa2,IFA2,National Grid IFA2 Limited / RTE,1000.0,elexon_remit,elexon_remit_connector,Elexon REMIT transmission-unavailability messages,False,True,,2,True,True,partial_outage,operator_outage_truth,500.0,500.0,514.0,1014.0,2024-11-17 23:13:07+00:00
2024-10-14,2024-10-14 08:00:00+01:00,2024-10-14 09:00:00+01:00,2024-10-14 07:00:00+00:00,2024-10-14 08:00:00+00:00,eleclink,ElecLink,ElecLink Limited / Getlink,1000.0,nordpool_umm,nordpool_umm,Nord Pool UMM,False,False,no_eleclink_source_available,0,False,False,unknown_source,source_unavailable,,,,,
2024-10-14,2024-10-14 08:00:00+01:00,2024-10-14 09:00:00+01:00,2024-10-14 07:00:00+00:00,2024-10-14 08:00:00+00:00,ifa,IFA,National Grid Interconnectors / RTE,2000.0,elexon_remit,elexon_remit_connector,Elexon REMIT transmission-unavailability messages,False,True,,0,False,False,available,operator_no_active_outage,2000.0,,,,
2024-10-14,2024-10-14 08:00:00+01:00,2024-10-14 09:00:00+01:00,2024-10-14 07:00:00+00:00,2024-10-14 08:00:00+00:00,ifa2,IFA2,National Grid IFA2 Limited / RTE,1000.0,elexon_remit,elexon_remit_connector,Elexon REMIT transmission-unavailability messages,False,True,,2,True,True,partial_outage,operator_outage_truth,500.0,500.0,514.0,1014.0,2024-11-17 23:13:07+00:00
2024-10-14,2024-10-14 09:00:00+01:00,2024-10-14 10:00:00+01:00,2024-10-14 08:00:00+00:00,2024-10-14 09:00:00+00:00,eleclink,ElecLink,ElecLink Limited / Getlink,1000.0,nordpool_umm,nordpool_umm,Nord Pool UMM,False,False,no_eleclink_source_available,0,False,False,unknown_source,source_unavailable,,,,,
2024-10-14,2024-10-14 09:00:00+01:00,2024-10-14 10:00:00+01:00,2024-10-14 08:00:00+00:00,2024-10-14 09:00:00+00:00,ifa,IFA,National Grid Interconnectors / RTE,2000.0,elexon_remit,elexon_remit_connector,Elexon REMIT transmission-unavailability messages,False,True,,0,False,False,available,operator_no_active_outage,2000.0,,,,
2024-10-14,2024-10-14 09:00:00+01:00,2024-10-14 10:00:00+01:00,2024-10-14 08:00:00+00:00,2024-10-14 09:00:00+00:00,ifa2,IFA2,National Grid IFA2 Limited / RTE,1000.0,elexon_remit,elexon_remit_connector,Elexon REMIT transmission-unavailability messages,False,True,,2,True,True,partial_outage,operator_outage_truth,500.0,500.0,514.0,1014.0,2024-11-17 23:13:07+00:00
2024-10-14,2024-10-14 10:00:00+01:00,2024-10-14 11:00:00+01:00,2024-10-14 09:00:00+00:00,2024-10-14 10:00:00+00:00,eleclink,ElecLink,ElecLink Limited / Getlink,1000.0,nordpool_umm,nordpool_umm,Nord Pool UMM,False,False,no_eleclink_source_available,0,False,False,unknown_source,source_unavailable,,,,,
2024-10-14,2024-10-14 10:00:00+01:00,2024-10-14 11:00:00+01:00,2024-10-14 09:00:00+00:00,2024-10-14 10:00:00+00:00,ifa,IFA,National Grid Interconnectors / RTE,2000.0,elexon_remit,elexon_remit_connector,Elexon REMIT transmission-unavailability messages,False,True,,0,False,False,available,operator_no_active_outage,2000.0,,,,
2024-10-14,2024-10-14 10:00:00+01:00,2024-10-14 11:00:00+01:00,2024-10-14 09:00:00+00:00,2024-10-14 10:00:00+00:00,ifa2,IFA2,National Grid IFA2 Limited / RTE,1000.0,elexon_remit,elexon_remit_connector,Elexon REMIT transmission-unavailability messages,False,True,,2,True,True,partial_outage,operator_outage_truth,500.0,500.0,514.0,1014.0,2024-11-17 23:13:07+00:00
2024-10-14,2024-10-14 11:00:00+01:00,2024-10-14 12:00:00+01:00,2024-10-14 10:00:00+00:00,2024-10-14 11:00:00+00:00,eleclink,ElecLink,ElecLink Limited / Getlink,1000.0,nordpool_umm,nordpool_umm,Nord Pool UMM,False,False,no_eleclink_source_available,0,False,False,unknown_source,source_unavailable,,,,,
2024-10-14,2024-10-14 11:00:00+01:00,2024-10-14 12:00:00+01:00,2024-10-14 10:00:00+00:00,2024-10-14 11:00:00+00:00,ifa,IFA,National Grid Interconnectors / RTE,2000.0,elexon_remit,elexon_remit_connector,Elexon REMIT transmission-unavailability messages,False,True,,0,False,False,available,operator_no_active_outage,2000.0,,,,
2024-10-14,2024-10-14 11:00:00+01:00,2024-10-14 12:00:00+01:00,2024-10-14 10:00:00+00:00,2024-10-14 11:00:00+00:00,ifa2,IFA2,National Grid IFA2 Limited / RTE,1000.0,elexon_remit,elexon_remit_connector,Elexon REMIT transmission-unavailability messages,False,True,,2,True,True,partial_outage,operator_outage_truth,500.0,500.0,514.0,1014.0,2024-11-17 23:13:07+00:00
2024-10-14,2024-10-14 12:00:00+01:00,2024-10-14 13:00:00+01:00,2024-10-14 11:00:00+00:00,2024-10-14 12:00:00+00:00,eleclink,ElecLink,ElecLink Limited / Getlink,1000.0,nordpool_umm,nordpool_umm,Nord Pool UMM,False,False,no_eleclink_source_available,0,False,False,unknown_source,source_unavailable,,,,,
2024-10-14,2024-10-14 12:00:00+01:00,2024-10-14 13:00:00+01:00,2024-10-14 11:00:00+00:00,2024-10-14 12:00:00+00:00,ifa,IFA,National Grid Interconnectors / RTE,2000.0,elexon_remit,elexon_remit_connector,Elexon REMIT transmission-unavailability messages,False,True,,0,False,False,available,operator_no_active_outage,2000.0,,,,
2024-10-14,2024-10-14 12:00:00+01:00,2024-10-14 13:00:00+01:00,2024-10-14 11:00:00+00:00,2024-10-14 12:00:00+00:00,ifa2,IFA2,National Grid IFA2 Limited / RTE,1000.0,elexon_remit,elexon_remit_connector,Elexon REMIT transmission-unavailability messages,False,True,,2,True,True,partial_outage,operator_outage_truth,500.0,500.0,514.0,1014.0,2024-11-17 23:13:07+00:00
2024-10-14,2024-10-14 13:00:00+01:00,2024-10-14 14:00:00+01:00,2024-10-14 12:00:00+00:00,2024-10-14 13:00:00+00:00,eleclink,ElecLink,ElecLink Limited / Getlink,1000.0,nordpool_umm,nordpool_umm,Nord Pool UMM,False,False,no_eleclink_source_available,0,False,False,unknown_source,source_unavailable,,,,,
2024-10-14,2024-10-14 13:00:00+01:00,2024-10-14 14:00:00+01:00,2024-10-14 12:00:00+00:00,2024-10-14 13:00:00+00:00,ifa,IFA,National Grid Interconnectors / RTE,2000.0,elexon_remit,elexon_remit_connector,Elexon REMIT transmission-unavailability messages,False,True,,0,False,False,available,operator_no_active_outage,2000.0,,,,
2024-10-14,2024-10-14 13:00:00+01:00,2024-10-14 14:00:00+01:00,2024-10-14 12:00:00+00:00,2024-10-14 13:00:00+00:00,ifa2,IFA2,National Grid IFA2 Limited / RTE,1000.0,elexon_remit,elexon_remit_connector,Elexon REMIT transmission-unavailability messages,False,True,,2,True,True,partial_outage,operator_outage_truth,500.0,500.0,514.0,1014.0,2024-11-17 23:13:07+00:00
2024-10-14,2024-10-14 14:00:00+01:00,2024-10-14 15:00:00+01:00,2024-10-14 13:00:00+00:00,2024-10-14 14:00:00+00:00,eleclink,ElecLink,ElecLink Limited / Getlink,1000.0,nordpool_umm,nordpool_umm,Nord Pool UMM,False,False,no_eleclink_source_available,0,False,False,unknown_source,source_unavailable,,,,,
2024-10-14,2024-10-14 14:00:00+01:00,2024-10-14 15:00:00+01:00,2024-10-14 13:00:00+00:00,2024-10-14 14:00:00+00:00,ifa,IFA,National Grid Interconnectors / RTE,2000.0,elexon_remit,elexon_remit_connector,Elexon REMIT transmission-unavailability messages,False,True,,0,False,False,available,operator_no_active_outage,2000.0,,,,
2024-10-14,2024-10-14 14:00:00+01:00,2024-10-14 15:00:00+01:00,2024-10-14 13:00:00+00:00,2024-10-14 14:00:00+00:00,ifa2,IFA2,National Grid IFA2 Limited / RTE,1000.0,elexon_remit,elexon_remit_connector,Elexon REMIT transmission-unavailability messages,False,True,,2,True,True,partial_outage,operator_outage_truth,500.0,500.0,514.0,1014.0,2024-11-17 23:13:07+00:00
2024-10-14,2024-10-14 15:00:00+01:00,2024-10-14 16:00:00+01:00,2024-10-14 14:00:00+00:00,2024-10-14 15:00:00+00:00,eleclink,ElecLink,ElecLink Limited / Getlink,1000.0,nordpool_umm,nordpool_umm,Nord Pool UMM,False,False,no_eleclink_source_available,0,False,False,unknown_source,source_unavailable,,,,,
2024-10-14,2024-10-14 15:00:00+01:00,2024-10-14 16:00:00+01:00,2024-10-14 14:00:00+00:00,2024-10-14 15:00:00+00:00,ifa,IFA,National Grid Interconnectors / RTE,2000.0,elexon_remit,elexon_remit_connector,Elexon REMIT transmission-unavailability messages,False,True,,0,False,False,available,operator_no_active_outage,2000.0,,,,
2024-10-14,2024-10-14 15:00:00+01:00,2024-10-14 16:00:00+01:00,2024-10-14 14:00:00+00:00,2024-10-14 15:00:00+00:00,ifa2,IFA2,National Grid IFA2 Limited / RTE,1000.0,elexon_remit,elexon_remit_connector,Elexon REMIT transmission-unavailability messages,False,True,,2,True,True,partial_outage,operator_outage_truth,500.0,500.0,514.0,1014.0,2024-11-17 23:13:07+00:00
2024-10-14,2024-10-14 16:00:00+01:00,2024-10-14 17:00:00+01:00,2024-10-14 15:00:00+00:00,2024-10-14 16:00:00+00:00,eleclink,ElecLink,ElecLink Limited / Getlink,1000.0,nordpool_umm,nordpool_umm,Nord Pool UMM,False,False,no_eleclink_source_available,0,False,False,unknown_source,source_unavailable,,,,,
2024-10-14,2024-10-14 16:00:00+01:00,2024-10-14 17:00:00+01:00,2024-10-14 15:00:00+00:00,2024-10-14 16:00:00+00:00,ifa,IFA,National Grid Interconnectors / RTE,2000.0,elexon_remit,elexon_remit_connector,Elexon REMIT transmission-unavailability messages,False,True,,0,False,False,available,operator_no_active_outage,2000.0,,,,
2024-10-14,2024-10-14 16:00:00+01:00,2024-10-14 17:00:00+01:00,2024-10-14 15:00:00+00:00,2024-10-14 16:00:00+00:00,ifa2,IFA2,National Grid IFA2 Limited / RTE,1000.0,elexon_remit,elexon_remit_connector,Elexon REMIT transmission-unavailability messages,False,True,,2,True,True,partial_outage,operator_outage_truth,500.0,500.0,514.0,1014.0,2024-11-17 23:13:07+00:00
2024-10-14,2024-10-14 17:00:00+01:00,2024-10-14 18:00:00+01:00,2024-10-14 16:00:00+00:00,2024-10-14 17:00:00+00:00,eleclink,ElecLink,ElecLink Limited / Getlink,1000.0,nordpool_umm,nordpool_umm,Nord Pool UMM,False,False,no_eleclink_source_available,0,False,False,unknown_source,source_unavailable,,,,,
2024-10-14,2024-10-14 17:00:00+01:00,2024-10-14 18:00:00+01:00,2024-10-14 16:00:00+00:00,2024-10-14 17:00:00+00:00,ifa,IFA,National Grid Interconnectors / RTE,2000.0,elexon_remit,elexon_remit_connector,Elexon REMIT transmission-unavailability messages,False,True,,0,False,False,available,operator_no_active_outage,2000.0,,,,
2024-10-14,2024-10-14 17:00:00+01:00,2024-10-14 18:00:00+01:00,2024-10-14 16:00:00+00:00,2024-10-14 17:00:00+00:00,ifa2,IFA2,National Grid IFA2 Limited / RTE,1000.0,elexon_remit,elexon_remit_connector,Elexon REMIT transmission-unavailability messages,False,True,,2,True,True,partial_outage,operator_outage_truth,500.0,500.0,514.0,1014.0,2024-11-17 23:13:07+00:00
2024-10-14,2024-10-14 18:00:00+01:00,2024-10-14 19:00:00+01:00,2024-10-14 17:00:00+00:00,2024-10-14 18:00:00+00:00,eleclink,ElecLink,ElecLink Limited / Getlink,1000.0,nordpool_umm,nordpool_umm,Nord Pool UMM,False,False,no_eleclink_source_available,0,False,False,unknown_source,source_unavailable,,,,,
2024-10-14,2024-10-14 18:00:00+01:00,2024-10-14 19:00:00+01:00,2024-10-14 17:00:00+00:00,2024-10-14 18:00:00+00:00,ifa,IFA,National Grid Interconnectors / RTE,2000.0,elexon_remit,elexon_remit_connector,Elexon REMIT transmission-unavailability messages,False,True,,0,False,False,available,operator_no_active_outage,2000.0,,,,
2024-10-14,2024-10-14 18:00:00+01:00,2024-10-14 19:00:00+01:00,2024-10-14 17:00:00+00:00,2024-10-14 18:00:00+00:00,ifa2,IFA2,National Grid IFA2 Limited / RTE,1000.0,elexon_remit,elexon_remit_connector,Elexon REMIT transmission-unavailability messages,False,True,,2,True,True,partial_outage,operator_outage_truth,500.0,500.0,514.0,1014.0,2024-11-17 23:13:07+00:00
2024-10-14,2024-10-14 19:00:00+01:00,2024-10-14 20:00:00+01:00,2024-10-14 18:00:00+00:00,2024-10-14 19:00:00+00:00,eleclink,ElecLink,ElecLink Limited / Getlink,1000.0,nordpool_umm,nordpool_umm,Nord Pool UMM,False,False,no_eleclink_source_available,0,False,False,unknown_source,source_unavailable,,,,,
2024-10-14,2024-10-14 19:00:00+01:00,2024-10-14 20:00:00+01:00,2024-10-14 18:00:00+00:00,2024-10-14 19:00:00+00:00,ifa,IFA,National Grid Interconnectors / RTE,2000.0,elexon_remit,elexon_remit_connector,Elexon REMIT transmission-unavailability messages,False,True,,0,False,False,available,operator_no_active_outage,2000.0,,,,
2024-10-14,2024-10-14 19:00:00+01:00,2024-10-14 20:00:00+01:00,2024-10-14 18:00:00+00:00,2024-10-14 19:00:00+00:00,ifa2,IFA2,National Grid IFA2 Limited / RTE,1000.0,elexon_remit,elexon_remit_connector,Elexon REMIT transmission-unavailability messages,False,True,,2,True,True,partial_outage,operator_outage_truth,500.0,500.0,514.0,1014.0,2024-11-17 23:13:07+00:00
2024-10-14,2024-10-14 20:00:00+01:00,2024-10-14 21:00:00+01:00,2024-10-14 19:00:00+00:00,2024-10-14 20:00:00+00:00,eleclink,ElecLink,ElecLink Limited / Getlink,1000.0,nordpool_umm,nordpool_umm,Nord Pool UMM,False,False,no_eleclink_source_available,0,False,False,unknown_source,source_unavailable,,,,,
2024-10-14,2024-10-14 20:00:00+01:00,2024-10-14 21:00:00+01:00,2024-10-14 19:00:00+00:00,2024-10-14 20:00:00+00:00,ifa,IFA,National Grid Interconnectors / RTE,2000.0,elexon_remit,elexon_remit_connector,Elexon REMIT transmission-unavailability messages,False,True,,0,False,False,available,operator_no_active_outage,2000.0,,,,
2024-10-14,2024-10-14 20:00:00+01:00,2024-10-14 21:00:00+01:00,2024-10-14 19:00:00+00:00,2024-10-14 20:00:00+00:00,ifa2,IFA2,National Grid IFA2 Limited / RTE,1000.0,elexon_remit,elexon_remit_connector,Elexon REMIT transmission-unavailability messages,False,True,,2,True,True,partial_outage,operator_outage_truth,500.0,500.0,514.0,1014.0,2024-11-17 23:13:07+00:00
2024-10-14,2024-10-14 21:00:00+01:00,2024-10-14 22:00:00+01:00,2024-10-14 20:00:00+00:00,2024-10-14 21:00:00+00:00,eleclink,ElecLink,ElecLink Limited / Getlink,1000.0,nordpool_umm,nordpool_umm,Nord Pool UMM,False,False,no_eleclink_source_available,0,False,False,unknown_source,source_unavailable,,,,,
2024-10-14,2024-10-14 21:00:00+01:00,2024-10-14 22:00:00+01:00,2024-10-14 20:00:00+00:00,2024-10-14 21:00:00+00:00,ifa,IFA,National Grid Interconnectors / RTE,2000.0,elexon_remit,elexon_remit_connector,Elexon REMIT transmission-unavailability messages,False,True,,0,False,False,available,operator_no_active_outage,2000.0,,,,
2024-10-14,2024-10-14 21:00:00+01:00,2024-10-14 22:00:00+01:00,2024-10-14 20:00:00+00:00,2024-10-14 21:00:00+00:00,ifa2,IFA2,National Grid IFA2 Limited / RTE,1000.0,elexon_remit,elexon_remit_connector,Elexon REMIT transmission-unavailability messages,False,True,,2,True,True,partial_outage,operator_outage_truth,500.0,500.0,514.0,1014.0,2024-11-17 23:13:07+00:00
2024-10-14,2024-10-14 22:00:00+01:00,2024-10-14 23:00:00+01:00,2024-10-14 21:00:00+00:00,2024-10-14 22:00:00+00:00,eleclink,ElecLink,ElecLink Limited / Getlink,1000.0,nordpool_umm,nordpool_umm,Nord Pool UMM,False,False,no_eleclink_source_available,0,False,False,unknown_source,source_unavailable,,,,,
2024-10-14,2024-10-14 22:00:00+01:00,2024-10-14 23:00:00+01:00,2024-10-14 21:00:00+00:00,2024-10-14 22:00:00+00:00,ifa,IFA,National Grid Interconnectors / RTE,2000.0,elexon_remit,elexon_remit_connector,Elexon REMIT transmission-unavailability messages,False,True,,0,False,False,available,operator_no_active_outage,2000.0,,,,
2024-10-14,2024-10-14 22:00:00+01:00,2024-10-14 23:00:00+01:00,2024-10-14 21:00:00+00:00,2024-10-14 22:00:00+00:00,ifa2,IFA2,National Grid IFA2 Limited / RTE,1000.0,elexon_remit,elexon_remit_connector,Elexon REMIT transmission-unavailability messages,False,True,,2,True,True,partial_outage,operator_outage_truth,500.0,500.0,514.0,1014.0,2024-11-17 23:13:07+00:00
2024-10-14,2024-10-14 23:00:00+01:00,2024-10-15 00:00:00+01:00,2024-10-14 22:00:00+00:00,2024-10-14 23:00:00+00:00,eleclink,ElecLink,ElecLink Limited / Getlink,1000.0,nordpool_umm,nordpool_umm,Nord Pool UMM,False,False,no_eleclink_source_available,0,False,False,unknown_source,source_unavailable,,,,,
2024-10-14,2024-10-14 23:00:00+01:00,2024-10-15 00:00:00+01:00,2024-10-14 22:00:00+00:00,2024-10-14 23:00:00+00:00,ifa,IFA,National Grid Interconnectors / RTE,2000.0,elexon_remit,elexon_remit_connector,Elexon REMIT transmission-unavailability messages,False,True,,0,False,False,available,operator_no_active_outage,2000.0,,,,
2024-10-14,2024-10-14 23:00:00+01:00,2024-10-15 00:00:00+01:00,2024-10-14 22:00:00+00:00,2024-10-14 23:00:00+00:00,ifa2,IFA2,National Grid IFA2 Limited / RTE,1000.0,elexon_remit,elexon_remit_connector,Elexon REMIT transmission-unavailability messages,False,True,,2,True,True,partial_outage,operator_outage_truth,500.0,500.0,514.0,1014.0,2024-11-17 23:13:07+00:00
2024-10-15,2024-10-15 00:00:00+01:00,2024-10-15 01:00:00+01:00,2024-10-14 23:00:00+00:00,2024-10-15 00:00:00+00:00,eleclink,ElecLink,ElecLink Limited / Getlink,1000.0,nordpool_umm,nordpool_umm,Nord Pool UMM,False,False,no_eleclink_source_available,0,False,False,unknown_source,source_unavailable,,,,,
2024-10-15,2024-10-15 00:00:00+01:00,2024-10-15 01:00:00+01:00,2024-10-14 23:00:00+00:00,2024-10-15 00:00:00+00:00,ifa,IFA,National Grid Interconnectors / RTE,2000.0,elexon_remit,elexon_remit_connector,Elexon REMIT transmission-unavailability messages,False,True,,0,False,False,available,operator_no_active_outage,2000.0,,,,
2024-10-15,2024-10-15 00:00:00+01:00,2024-10-15 01:00:00+01:00,2024-10-14 23:00:00+00:00,2024-10-15 00:00:00+00:00,ifa2,IFA2,National Grid IFA2 Limited / RTE,1000.0,elexon_remit,elexon_remit_connector,Elexon REMIT transmission-unavailability messages,False,True,,2,True,True,partial_outage,operator_outage_truth,500.0,500.0,514.0,1014.0,2024-11-17 23:13:07+00:00
2024-10-15,2024-10-15 01:00:00+01:00,2024-10-15 02:00:00+01:00,2024-10-15 00:00:00+00:00,2024-10-15 01:00:00+00:00,eleclink,ElecLink,ElecLink Limited / Getlink,1000.0,nordpool_umm,nordpool_umm,Nord Pool UMM,False,False,no_eleclink_source_available,0,False,False,unknown_source,source_unavailable,,,,,
2024-10-15,2024-10-15 01:00:00+01:00,2024-10-15 02:00:00+01:00,2024-10-15 00:00:00+00:00,2024-10-15 01:00:00+00:00,ifa,IFA,National Grid Interconnectors / RTE,2000.0,elexon_remit,elexon_remit_connector,Elexon REMIT transmission-unavailability messages,False,True,,0,False,False,available,operator_no_active_outage,2000.0,,,,
2024-10-15,2024-10-15 01:00:00+01:00,2024-10-15 02:00:00+01:00,2024-10-15 00:00:00+00:00,2024-10-15 01:00:00+00:00,ifa2,IFA2,National Grid IFA2 Limited / RTE,1000.0,elexon_remit,elexon_remit_connector,Elexon REMIT transmission-unavailability messages,False,True,,2,True,True,partial_outage,operator_outage_truth,500.0,500.0,514.0,1014.0,2024-11-17 23:13:07+00:00
2024-10-15,2024-10-15 02:00:00+01:00,2024-10-15 03:00:00+01:00,2024-10-15 01:00:00+00:00,2024-10-15 02:00:00+00:00,eleclink,ElecLink,ElecLink Limited / Getlink,1000.0,nordpool_umm,nordpool_umm,Nord Pool UMM,False,False,no_eleclink_source_available,0,False,False,unknown_source,source_unavailable,,,,,
2024-10-15,2024-10-15 02:00:00+01:00,2024-10-15 03:00:00+01:00,2024-10-15 01:00:00+00:00,2024-10-15 02:00:00+00:00,ifa,IFA,National Grid Interconnectors / RTE,2000.0,elexon_remit,elexon_remit_connector,Elexon REMIT transmission-unavailability messages,False,True,,0,False,False,available,operator_no_active_outage,2000.0,,,,
2024-10-15,2024-10-15 02:00:00+01:00,2024-10-15 03:00:00+01:00,2024-10-15 01:00:00+00:00,2024-10-15 02:00:00+00:00,ifa2,IFA2,National Grid IFA2 Limited / RTE,1000.0,elexon_remit,elexon_remit_connector,Elexon REMIT transmission-unavailability messages,False,True,,2,True,True,partial_outage,operator_outage_truth,500.0,500.0,514.0,1014.0,2024-11-17 23:13:07+00:00
2024-10-15,2024-10-15 03:00:00+01:00,2024-10-15 04:00:00+01:00,2024-10-15 02:00:00+00:00,2024-10-15 03:00:00+00:00,eleclink,ElecLink,ElecLink Limited / Getlink,1000.0,nordpool_umm,nordpool_umm,Nord Pool UMM,False,False,no_eleclink_source_available,0,False,False,unknown_source,source_unavailable,,,,,
2024-10-15,2024-10-15 03:00:00+01:00,2024-10-15 04:00:00+01:00,2024-10-15 02:00:00+00:00,2024-10-15 03:00:00+00:00,ifa,IFA,National Grid Interconnectors / RTE,2000.0,elexon_remit,elexon_remit_connector,Elexon REMIT transmission-unavailability messages,False,True,,0,False,False,available,operator_no_active_outage,2000.0,,,,
2024-10-15,2024-10-15 03:00:00+01:00,2024-10-15 04:00:00+01:00,2024-10-15 02:00:00+00:00,2024-10-15 03:00:00+00:00,ifa2,IFA2,National Grid IFA2 Limited / RTE,1000.0,elexon_remit,elexon_remit_connector,Elexon REMIT transmission-unavailability messages,False,True,,2,True,True,partial_outage,operator_outage_truth,500.0,500.0,514.0,1014.0,2024-11-17 23:13:07+00:00
2024-10-15,2024-10-15 04:00:00+01:00,2024-10-15 05:00:00+01:00,2024-10-15 03:00:00+00:00,2024-10-15 04:00:00+00:00,eleclink,ElecLink,ElecLink Limited / Getlink,1000.0,nordpool_umm,nordpool_umm,Nord Pool UMM,False,False,no_eleclink_source_available,0,False,False,unknown_source,source_unavailable,,,,,
2024-10-15,2024-10-15 04:00:00+01:00,2024-10-15 05:00:00+01:00,2024-10-15 03:00:00+00:00,2024-10-15 04:00:00+00:00,ifa,IFA,National Grid Interconnectors / RTE,2000.0,elexon_remit,elexon_remit_connector,Elexon REMIT transmission-unavailability messages,False,True,,0,False,False,available,operator_no_active_outage,2000.0,,,,
2024-10-15,2024-10-15 04:00:00+01:00,2024-10-15 05:00:00+01:00,2024-10-15 03:00:00+00:00,2024-10-15 04:00:00+00:00,ifa2,IFA2,National Grid IFA2 Limited / RTE,1000.0,elexon_remit,elexon_remit_connector,Elexon REMIT transmission-unavailability messages,False,True,,2,True,True,partial_outage,operator_outage_truth,500.0,500.0,514.0,1014.0,2024-11-17 23:13:07+00:00
2024-10-15,2024-10-15 05:00:00+01:00,2024-10-15 06:00:00+01:00,2024-10-15 04:00:00+00:00,2024-10-15 05:00:00+00:00,eleclink,ElecLink,ElecLink Limited / Getlink,1000.0,nordpool_umm,nordpool_umm,Nord Pool UMM,False,False,no_eleclink_source_available,0,False,False,unknown_source,source_unavailable,,,,,
2024-10-15,2024-10-15 05:00:00+01:00,2024-10-15 06:00:00+01:00,2024-10-15 04:00:00+00:00,2024-10-15 05:00:00+00:00,ifa,IFA,National Grid Interconnectors / RTE,2000.0,elexon_remit,elexon_remit_connector,Elexon REMIT transmission-unavailability messages,False,True,,0,False,False,available,operator_no_active_outage,2000.0,,,,
2024-10-15,2024-10-15 05:00:00+01:00,2024-10-15 06:00:00+01:00,2024-10-15 04:00:00+00:00,2024-10-15 05:00:00+00:00,ifa2,IFA2,National Grid IFA2 Limited / RTE,1000.0,elexon_remit,elexon_remit_connector,Elexon REMIT transmission-unavailability messages,False,True,,2,True,True,partial_outage,operator_outage_truth,500.0,500.0,514.0,1014.0,2024-11-17 23:13:07+00:00
2024-10-15,2024-10-15 06:00:00+01:00,2024-10-15 07:00:00+01:00,2024-10-15 05:00:00+00:00,2024-10-15 06:00:00+00:00,eleclink,ElecLink,ElecLink Limited / Getlink,1000.0,nordpool_umm,nordpool_umm,Nord Pool UMM,False,False,no_eleclink_source_available,0,False,False,unknown_source,source_unavailable,,,,,
2024-10-15,2024-10-15 06:00:00+01:00,2024-10-15 07:00:00+01:00,2024-10-15 05:00:00+00:00,2024-10-15 06:00:00+00:00,ifa,IFA,National Grid Interconnectors / RTE,2000.0,elexon_remit,elexon_remit_connector,Elexon REMIT transmission-unavailability messages,False,True,,0,False,False,available,operator_no_active_outage,2000.0,,,,
2024-10-15,2024-10-15 06:00:00+01:00,2024-10-15 07:00:00+01:00,2024-10-15 05:00:00+00:00,2024-10-15 06:00:00+00:00,ifa2,IFA2,National Grid IFA2 Limited / RTE,1000.0,elexon_remit,elexon_remit_connector,Elexon REMIT transmission-unavailability messages,False,True,,2,True,True,partial_outage,operator_outage_truth,500.0,500.0,514.0,1014.0,2024-11-17 23:13:07+00:00
2024-10-15,2024-10-15 07:00:00+01:00,2024-10-15 08:00:00+01:00,2024-10-15 06:00:00+00:00,2024-10-15 07:00:00+00:00,eleclink,ElecLink,ElecLink Limited / Getlink,1000.0,nordpool_umm,nordpool_umm,Nord Pool UMM,False,False,no_eleclink_source_available,0,False,False,unknown_source,source_unavailable,,,,,
2024-10-15,2024-10-15 07:00:00+01:00,2024-10-15 08:00:00+01:00,2024-10-15 06:00:00+00:00,2024-10-15 07:00:00+00:00,ifa,IFA,National Grid Interconnectors / RTE,2000.0,elexon_remit,elexon_remit_connector,Elexon REMIT transmission-unavailability messages,False,True,,0,False,False,available,operator_no_active_outage,2000.0,,,,
2024-10-15,2024-10-15 07:00:00+01:00,2024-10-15 08:00:00+01:00,2024-10-15 06:00:00+00:00,2024-10-15 07:00:00+00:00,ifa2,IFA2,National Grid IFA2 Limited / RTE,1000.0,elexon_remit,elexon_remit_connector,Elexon REMIT transmission-unavailability messages,False,True,,2,True,True,partial_outage,operator_outage_truth,500.0,500.0,514.0,1014.0,2024-11-17 23:13:07+00:00
2024-10-15,2024-10-15 08:00:00+01:00,2024-10-15 09:00:00+01:00,2024-10-15 07:00:00+00:00,2024-10-15 08:00:00+00:00,eleclink,ElecLink,ElecLink Limited / Getlink,1000.0,nordpool_umm,nordpool_umm,Nord Pool UMM,False,False,no_eleclink_source_available,0,False,False,unknown_source,source_unavailable,,,,,
2024-10-15,2024-10-15 08:00:00+01:00,2024-10-15 09:00:00+01:00,2024-10-15 07:00:00+00:00,2024-10-15 08:00:00+00:00,ifa,IFA,National Grid Interconnectors / RTE,2000.0,elexon_remit,elexon_remit_connector,Elexon REMIT transmission-unavailability messages,False,True,,0,False,False,available,operator_no_active_outage,2000.0,,,,
2024-10-15,2024-10-15 08:00:00+01:00,2024-10-15 09:00:00+01:00,2024-10-15 07:00:00+00:00,2024-10-15 08:00:00+00:00,ifa2,IFA2,National Grid IFA2 Limited / RTE,1000.0,elexon_remit,elexon_remit_connector,Elexon REMIT transmission-unavailability messages,False,True,,2,True,True,partial_outage,operator_outage_truth,500.0,500.0,514.0,1014.0,2024-11-17 23:13:07+00:00
2024-10-15,2024-10-15 09:00:00+01:00,2024-10-15 10:00:00+01:00,2024-10-15 08:00:00+00:00,2024-10-15 09:00:00+00:00,eleclink,ElecLink,ElecLink Limited / Getlink,1000.0,nordpool_umm,nordpool_umm,Nord Pool UMM,False,False,no_eleclink_source_available,0,False,False,unknown_source,source_unavailable,,,,,
2024-10-15,2024-10-15 09:00:00+01:00,2024-10-15 10:00:00+01:00,2024-10-15 08:00:00+00:00,2024-10-15 09:00:00+00:00,ifa,IFA,National Grid Interconnectors / RTE,2000.0,elexon_remit,elexon_remit_connector,Elexon REMIT transmission-unavailability messages,False,True,,0,False,False,available,operator_no_active_outage,2000.0,,,,
2024-10-15,2024-10-15 09:00:00+01:00,2024-10-15 10:00:00+01:00,2024-10-15 08:00:00+00:00,2024-10-15 09:00:00+00:00,ifa2,IFA2,National Grid IFA2 Limited / RTE,1000.0,elexon_remit,elexon_remit_connector,Elexon REMIT transmission-unavailability messages,False,True,,2,True,True,partial_outage,operator_outage_truth,500.0,500.0,514.0,1014.0,2024-11-17 23:13:07+00:00
2024-10-15,2024-10-15 10:00:00+01:00,2024-10-15 11:00:00+01:00,2024-10-15 09:00:00+00:00,2024-10-15 10:00:00+00:00,eleclink,ElecLink,ElecLink Limited / Getlink,1000.0,nordpool_umm,nordpool_umm,Nord Pool UMM,False,False,no_eleclink_source_available,0,False,False,unknown_source,source_unavailable,,,,,
2024-10-15,2024-10-15 10:00:00+01:00,2024-10-15 11:00:00+01:00,2024-10-15 09:00:00+00:00,2024-10-15 10:00:00+00:00,ifa,IFA,National Grid Interconnectors / RTE,2000.0,elexon_remit,elexon_remit_connector,Elexon REMIT transmission-unavailability messages,False,True,,0,False,False,available,operator_no_active_outage,2000.0,,,,
2024-10-15,2024-10-15 10:00:00+01:00,2024-10-15 11:00:00+01:00,2024-10-15 09:00:00+00:00,2024-10-15 10:00:00+00:00,ifa2,IFA2,National Grid IFA2 Limited / RTE,1000.0,elexon_remit,elexon_remit_connector,Elexon REMIT transmission-unavailability messages,False,True,,2,True,True,partial_outage,operator_outage_truth,500.0,500.0,514.0,1014.0,2024-11-17 23:13:07+00:00
2024-10-15,2024-10-15 11:00:00+01:00,2024-10-15 12:00:00+01:00,2024-10-15 10:00:00+00:00,2024-10-15 11:00:00+00:00,eleclink,ElecLink,ElecLink Limited / Getlink,1000.0,nordpool_umm,nordpool_umm,Nord Pool UMM,False,False,no_eleclink_source_available,0,False,False,unknown_source,source_unavailable,,,,,
2024-10-15,2024-10-15 11:00:00+01:00,2024-10-15 12:00:00+01:00,2024-10-15 10:00:00+00:00,2024-10-15 11:00:00+00:00,ifa,IFA,National Grid Interconnectors / RTE,2000.0,elexon_remit,elexon_remit_connector,Elexon REMIT transmission-unavailability messages,False,True,,0,False,False,available,operator_no_active_outage,2000.0,,,,
2024-10-15,2024-10-15 11:00:00+01:00,2024-10-15 12:00:00+01:00,2024-10-15 10:00:00+00:00,2024-10-15 11:00:00+00:00,ifa2,IFA2,National Grid IFA2 Limited / RTE,1000.0,elexon_remit,elexon_remit_connector,Elexon REMIT transmission-unavailability messages,False,True,,2,True,True,partial_outage,operator_outage_truth,500.0,500.0,514.0,1014.0,2024-11-17 23:13:07+00:00
2024-10-15,2024-10-15 12:00:00+01:00,2024-10-15 13:00:00+01:00,2024-10-15 11:00:00+00:00,2024-10-15 12:00:00+00:00,eleclink,ElecLink,ElecLink Limited / Getlink,1000.0,nordpool_umm,nordpool_umm,Nord Pool UMM,False,False,no_eleclink_source_available,0,False,False,unknown_source,source_unavailable,,,,,
2024-10-15,2024-10-15 12:00:00+01:00,2024-10-15 13:00:00+01:00,2024-10-15 11:00:00+00:00,2024-10-15 12:00:00+00:00,ifa,IFA,National Grid Interconnectors / RTE,2000.0,elexon_remit,elexon_remit_connector,Elexon REMIT transmission-unavailability messages,False,True,,0,False,False,available,operator_no_active_outage,2000.0,,,,
2024-10-15,2024-10-15 12:00:00+01:00,2024-10-15 13:00:00+01:00,2024-10-15 11:00:00+00:00,2024-10-15 12:00:00+00:00,ifa2,IFA2,National Grid IFA2 Limited / RTE,1000.0,elexon_remit,elexon_remit_connector,Elexon REMIT transmission-unavailability messages,False,True,,2,True,True,partial_outage,operator_outage_truth,500.0,500.0,514.0,1014.0,2024-11-17 23:13:07+00:00
2024-10-15,2024-10-15 13:00:00+01:00,2024-10-15 14:00:00+01:00,2024-10-15 12:00:00+00:00,2024-10-15 13:00:00+00:00,eleclink,ElecLink,ElecLink Limited / Getlink,1000.0,nordpool_umm,nordpool_umm,Nord Pool UMM,False,False,no_eleclink_source_available,0,False,False,unknown_source,source_unavailable,,,,,
2024-10-15,2024-10-15 13:00:00+01:00,2024-10-15 14:00:00+01:00,2024-10-15 12:00:00+00:00,2024-10-15 13:00:00+00:00,ifa,IFA,National Grid Interconnectors / RTE,2000.0,elexon_remit,elexon_remit_connector,Elexon REMIT transmission-unavailability messages,False,True,,0,False,False,available,operator_no_active_outage,2000.0,,,,
2024-10-15,2024-10-15 13:00:00+01:00,2024-10-15 14:00:00+01:00,2024-10-15 12:00:00+00:00,2024-10-15 13:00:00+00:00,ifa2,IFA2,National Grid IFA2 Limited / RTE,1000.0,elexon_remit,elexon_remit_connector,Elexon REMIT transmission-unavailability messages,False,True,,2,True,True,partial_outage,operator_outage_truth,500.0,500.0,514.0,1014.0,2024-11-17 23:13:07+00:00
2024-10-15,2024-10-15 14:00:00+01:00,2024-10-15 15:00:00+01:00,2024-10-15 13:00:00+00:00,2024-10-15 14:00:00+00:00,eleclink,ElecLink,ElecLink Limited / Getlink,1000.0,nordpool_umm,nordpool_umm,Nord Pool UMM,False,False,no_eleclink_source_available,0,False,False,unknown_source,source_unavailable,,,,,
2024-10-15,2024-10-15 14:00:00+01:00,2024-10-15 15:00:00+01:00,2024-10-15 13:00:00+00:00,2024-10-15 14:00:00+00:00,ifa,IFA,National Grid Interconnectors / RTE,2000.0,elexon_remit,elexon_remit_connector,Elexon REMIT transmission-unavailability messages,False,True,,0,False,False,available,operator_no_active_outage,2000.0,,,,
2024-10-15,2024-10-15 14:00:00+01:00,2024-10-15 15:00:00+01:00,2024-10-15 13:00:00+00:00,2024-10-15 14:00:00+00:00,ifa2,IFA2,National Grid IFA2 Limited / RTE,1000.0,elexon_remit,elexon_remit_connector,Elexon REMIT transmission-unavailability messages,False,True,,2,True,True,partial_outage,operator_outage_truth,500.0,500.0,514.0,1014.0,2024-11-17 23:13:07+00:00
2024-10-15,2024-10-15 15:00:00+01:00,2024-10-15 16:00:00+01:00,2024-10-15 14:00:00+00:00,2024-10-15 15:00:00+00:00,eleclink,ElecLink,ElecLink Limited / Getlink,1000.0,nordpool_umm,nordpool_umm,Nord Pool UMM,False,False,no_eleclink_source_available,0,False,False,unknown_source,source_unavailable,,,,,
2024-10-15,2024-10-15 15:00:00+01:00,2024-10-15 16:00:00+01:00,2024-10-15 14:00:00+00:00,2024-10-15 15:00:00+00:00,ifa,IFA,National Grid Interconnectors / RTE,2000.0,elexon_remit,elexon_remit_connector,Elexon REMIT transmission-unavailability messages,False,True,,0,False,False,available,operator_no_active_outage,2000.0,,,,
2024-10-15,2024-10-15 15:00:00+01:00,2024-10-15 16:00:00+01:00,2024-10-15 14:00:00+00:00,2024-10-15 15:00:00+00:00,ifa2,IFA2,National Grid IFA2 Limited / RTE,1000.0,elexon_remit,elexon_remit_connector,Elexon REMIT transmission-unavailability messages,False,True,,2,True,True,partial_outage,operator_outage_truth,500.0,500.0,514.0,1014.0,2024-11-17 23:13:07+00:00
2024-10-15,2024-10-15 16:00:00+01:00,2024-10-15 17:00:00+01:00,2024-10-15 15:00:00+00:00,2024-10-15 16:00:00+00:00,eleclink,ElecLink,ElecLink Limited / Getlink,1000.0,nordpool_umm,nordpool_umm,Nord Pool UMM,False,False,no_eleclink_source_available,0,False,False,unknown_source,source_unavailable,,,,,
2024-10-15,2024-10-15 16:00:00+01:00,2024-10-15 17:00:00+01:00,2024-10-15 15:00:00+00:00,2024-10-15 16:00:00+00:00,ifa,IFA,National Grid Interconnectors / RTE,2000.0,elexon_remit,elexon_remit_connector,Elexon REMIT transmission-unavailability messages,False,True,,0,False,False,available,operator_no_active_outage,2000.0,,,,
2024-10-15,2024-10-15 16:00:00+01:00,2024-10-15 17:00:00+01:00,2024-10-15 15:00:00+00:00,2024-10-15 16:00:00+00:00,ifa2,IFA2,National Grid IFA2 Limited / RTE,1000.0,elexon_remit,elexon_remit_connector,Elexon REMIT transmission-unavailability messages,False,True,,2,True,True,partial_outage,operator_outage_truth,500.0,500.0,514.0,1014.0,2024-11-17 23:13:07+00:00
2024-10-15,2024-10-15 17:00:00+01:00,2024-10-15 18:00:00+01:00,2024-10-15 16:00:00+00:00,2024-10-15 17:00:00+00:00,eleclink,ElecLink,ElecLink Limited / Getlink,1000.0,nordpool_umm,nordpool_umm,Nord Pool UMM,False,False,no_eleclink_source_available,0,False,False,unknown_source,source_unavailable,,,,,
2024-10-15,2024-10-15 17:00:00+01:00,2024-10-15 18:00:00+01:00,2024-10-15 16:00:00+00:00,2024-10-15 17:00:00+00:00,ifa,IFA,National Grid Interconnectors / RTE,2000.0,elexon_remit,elexon_remit_connector,Elexon REMIT transmission-unavailability messages,False,True,,0,False,False,available,operator_no_active_outage,2000.0,,,,
2024-10-15,2024-10-15 17:00:00+01:00,2024-10-15 18:00:00+01:00,2024-10-15 16:00:00+00:00,2024-10-15 17:00:00+00:00,ifa2,IFA2,National Grid IFA2 Limited / RTE,1000.0,elexon_remit,elexon_remit_connector,Elexon REMIT transmission-unavailability messages,False,True,,2,True,True,partial_outage,operator_outage_truth,500.0,500.0,514.0,1014.0,2024-11-17 23:13:07+00:00
2024-10-15,2024-10-15 18:00:00+01:00,2024-10-15 19:00:00+01:00,2024-10-15 17:00:00+00:00,2024-10-15 18:00:00+00:00,eleclink,ElecLink,ElecLink Limited / Getlink,1000.0,nordpool_umm,nordpool_umm,Nord Pool UMM,False,False,no_eleclink_source_available,0,False,False,unknown_source,source_unavailable,,,,,
2024-10-15,2024-10-15 18:00:00+01:00,2024-10-15 19:00:00+01:00,2024-10-15 17:00:00+00:00,2024-10-15 18:00:00+00:00,ifa,IFA,National Grid Interconnectors / RTE,2000.0,elexon_remit,elexon_remit_connector,Elexon REMIT transmission-unavailability messages,False,True,,0,False,False,available,operator_no_active_outage,2000.0,,,,
2024-10-15,2024-10-15 18:00:00+01:00,2024-10-15 19:00:00+01:00,2024-10-15 17:00:00+00:00,2024-10-15 18:00:00+00:00,ifa2,IFA2,National Grid IFA2 Limited / RTE,1000.0,elexon_remit,elexon_remit_connector,Elexon REMIT transmission-unavailability messages,False,True,,2,True,True,partial_outage,operator_outage_truth,500.0,500.0,514.0,1014.0,2024-11-17 23:13:07+00:00
2024-10-15,2024-10-15 19:00:00+01:00,2024-10-15 20:00:00+01:00,2024-10-15 18:00:00+00:00,2024-10-15 19:00:00+00:00,eleclink,ElecLink,ElecLink Limited / Getlink,1000.0,nordpool_umm,nordpool_umm,Nord Pool UMM,False,False,no_eleclink_source_available,0,False,False,unknown_source,source_unavailable,,,,,
2024-10-15,2024-10-15 19:00:00+01:00,2024-10-15 20:00:00+01:00,2024-10-15 18:00:00+00:00,2024-10-15 19:00:00+00:00,ifa,IFA,National Grid Interconnectors / RTE,2000.0,elexon_remit,elexon_remit_connector,Elexon REMIT transmission-unavailability messages,False,True,,0,False,False,available,operator_no_active_outage,2000.0,,,,
2024-10-15,2024-10-15 19:00:00+01:00,2024-10-15 20:00:00+01:00,2024-10-15 18:00:00+00:00,2024-10-15 19:00:00+00:00,ifa2,IFA2,National Grid IFA2 Limited / RTE,1000.0,elexon_remit,elexon_remit_connector,Elexon REMIT transmission-unavailability messages,False,True,,2,True,True,partial_outage,operator_outage_truth,500.0,500.0,514.0,1014.0,2024-11-17 23:13:07+00:00
2024-10-15,2024-10-15 20:00:00+01:00,2024-10-15 21:00:00+01:00,2024-10-15 19:00:00+00:00,2024-10-15 20:00:00+00:00,eleclink,ElecLink,ElecLink Limited / Getlink,1000.0,nordpool_umm,nordpool_umm,Nord Pool UMM,False,False,no_eleclink_source_available,0,False,False,unknown_source,source_unavailable,,,,,
2024-10-15,2024-10-15 20:00:00+01:00,2024-10-15 21:00:00+01:00,2024-10-15 19:00:00+00:00,2024-10-15 20:00:00+00:00,ifa,IFA,National Grid Interconnectors / RTE,2000.0,elexon_remit,elexon_remit_connector,Elexon REMIT transmission-unavailability messages,False,True,,0,False,False,available,operator_no_active_outage,2000.0,,,,
2024-10-15,2024-10-15 20:00:00+01:00,2024-10-15 21:00:00+01:00,2024-10-15 19:00:00+00:00,2024-10-15 20:00:00+00:00,ifa2,IFA2,National Grid IFA2 Limited / RTE,1000.0,elexon_remit,elexon_remit_connector,Elexon REMIT transmission-unavailability messages,False,True,,2,True,True,partial_outage,operator_outage_truth,500.0,500.0,514.0,1014.0,2024-11-17 23:13:07+00:00
2024-10-15,2024-10-15 21:00:00+01:00,2024-10-15 22:00:00+01:00,2024-10-15 20:00:00+00:00,2024-10-15 21:00:00+00:00,eleclink,ElecLink,ElecLink Limited / Getlink,1000.0,nordpool_umm,nordpool_umm,Nord Pool UMM,False,False,no_eleclink_source_available,0,False,False,unknown_source,source_unavailable,,,,,
2024-10-15,2024-10-15 21:00:00+01:00,2024-10-15 22:00:00+01:00,2024-10-15 20:00:00+00:00,2024-10-15 21:00:00+00:00,ifa,IFA,National Grid Interconnectors / RTE,2000.0,elexon_remit,elexon_remit_connector,Elexon REMIT transmission-unavailability messages,False,True,,0,False,False,available,operator_no_active_outage,2000.0,,,,
2024-10-15,2024-10-15 21:00:00+01:00,2024-10-15 22:00:00+01:00,2024-10-15 20:00:00+00:00,2024-10-15 21:00:00+00:00,ifa2,IFA2,National Grid IFA2 Limited / RTE,1000.0,elexon_remit,elexon_remit_connector,Elexon REMIT transmission-unavailability messages,False,True,,2,True,True,partial_outage,operator_outage_truth,500.0,500.0,514.0,1014.0,2024-11-17 23:13:07+00:00
2024-10-15,2024-10-15 22:00:00+01:00,2024-10-15 23:00:00+01:00,2024-10-15 21:00:00+00:00,2024-10-15 22:00:00+00:00,eleclink,ElecLink,ElecLink Limited / Getlink,1000.0,nordpool_umm,nordpool_umm,Nord Pool UMM,False,False,no_eleclink_source_available,0,False,False,unknown_source,source_unavailable,,,,,
2024-10-15,2024-10-15 22:00:00+01:00,2024-10-15 23:00:00+01:00,2024-10-15 21:00:00+00:00,2024-10-15 22:00:00+00:00,ifa,IFA,National Grid Interconnectors / RTE,2000.0,elexon_remit,elexon_remit_connector,Elexon REMIT transmission-unavailability messages,False,True,,0,False,False,available,operator_no_active_outage,2000.0,,,,
2024-10-15,2024-10-15 22:00:00+01:00,2024-10-15 23:00:00+01:00,2024-10-15 21:00:00+00:00,2024-10-15 22:00:00+00:00,ifa2,IFA2,National Grid IFA2 Limited / RTE,1000.0,elexon_remit,elexon_remit_connector,Elexon REMIT transmission-unavailability messages,False,True,,2,True,True,partial_outage,operator_outage_truth,500.0,500.0,514.0,1014.0,2024-11-17 23:13:07+00:00
2024-10-15,2024-10-15 23:00:00+01:00,2024-10-16 00:00:00+01:00,2024-10-15 22:00:00+00:00,2024-10-15 23:00:00+00:00,eleclink,ElecLink,ElecLink Limited / Getlink,1000.0,nordpool_umm,nordpool_umm,Nord Pool UMM,False,False,no_eleclink_source_available,0,False,False,unknown_source,source_unavailable,,,,,
2024-10-15,2024-10-15 23:00:00+01:00,2024-10-16 00:00:00+01:00,2024-10-15 22:00:00+00:00,2024-10-15 23:00:00+00:00,ifa,IFA,National Grid Interconnectors / RTE,2000.0,elexon_remit,elexon_remit_connector,Elexon REMIT transmission-unavailability messages,False,True,,0,False,False,available,operator_no_active_outage,2000.0,,,,
2024-10-15,2024-10-15 23:00:00+01:00,2024-10-16 00:00:00+01:00,2024-10-15 22:00:00+00:00,2024-10-15 23:00:00+00:00,ifa2,IFA2,National Grid IFA2 Limited / RTE,1000.0,elexon_remit,elexon_remit_connector,Elexon REMIT transmission-unavailability messages,False,True,,2,True,True,partial_outage,operator_outage_truth,500.0,500.0,514.0,1014.0,2024-11-17 23:13:07+00:00
2024-10-16,2024-10-16 00:00:00+01:00,2024-10-16 01:00:00+01:00,2024-10-15 23:00:00+00:00,2024-10-16 00:00:00+00:00,eleclink,ElecLink,ElecLink Limited / Getlink,1000.0,nordpool_umm,nordpool_umm,Nord Pool UMM,False,False,no_eleclink_source_available,0,False,False,unknown_source,source_unavailable,,,,,
2024-10-16,2024-10-16 00:00:00+01:00,2024-10-16 01:00:00+01:00,2024-10-15 23:00:00+00:00,2024-10-16 00:00:00+00:00,ifa,IFA,National Grid Interconnectors / RTE,2000.0,elexon_remit,elexon_remit_connector,Elexon REMIT transmission-unavailability messages,False,True,,0,False,False,available,operator_no_active_outage,2000.0,,,,
2024-10-16,2024-10-16 00:00:00+01:00,2024-10-16 01:00:00+01:00,2024-10-15 23:00:00+00:00,2024-10-16 00:00:00+00:00,ifa2,IFA2,National Grid IFA2 Limited / RTE,1000.0,elexon_remit,elexon_remit_connector,Elexon REMIT transmission-unavailability messages,False,True,,2,True,True,partial_outage,operator_outage_truth,500.0,500.0,514.0,1014.0,2024-11-17 23:13:07+00:00
2024-10-16,2024-10-16 01:00:00+01:00,2024-10-16 02:00:00+01:00,2024-10-16 00:00:00+00:00,2024-10-16 01:00:00+00:00,eleclink,ElecLink,ElecLink Limited / Getlink,1000.0,nordpool_umm,nordpool_umm,Nord Pool UMM,False,False,no_eleclink_source_available,0,False,False,unknown_source,source_unavailable,,,,,
2024-10-16,2024-10-16 01:00:00+01:00,2024-10-16 02:00:00+01:00,2024-10-16 00:00:00+00:00,2024-10-16 01:00:00+00:00,ifa,IFA,National Grid Interconnectors / RTE,2000.0,elexon_remit,elexon_remit_connector,Elexon REMIT transmission-unavailability messages,False,True,,0,False,False,available,operator_no_active_outage,2000.0,,,,
2024-10-16,2024-10-16 01:00:00+01:00,2024-10-16 02:00:00+01:00,2024-10-16 00:00:00+00:00,2024-10-16 01:00:00+00:00,ifa2,IFA2,National Grid IFA2 Limited / RTE,1000.0,elexon_remit,elexon_remit_connector,Elexon REMIT transmission-unavailability messages,False,True,,2,True,True,partial_outage,operator_outage_truth,500.0,500.0,514.0,1014.0,2024-11-17 23:13:07+00:00
2024-10-16,2024-10-16 02:00:00+01:00,2024-10-16 03:00:00+01:00,2024-10-16 01:00:00+00:00,2024-10-16 02:00:00+00:00,eleclink,ElecLink,ElecLink Limited / Getlink,1000.0,nordpool_umm,nordpool_umm,Nord Pool UMM,False,False,no_eleclink_source_available,0,False,False,unknown_source,source_unavailable,,,,,
2024-10-16,2024-10-16 02:00:00+01:00,2024-10-16 03:00:00+01:00,2024-10-16 01:00:00+00:00,2024-10-16 02:00:00+00:00,ifa,IFA,National Grid Interconnectors / RTE,2000.0,elexon_remit,elexon_remit_connector,Elexon REMIT transmission-unavailability messages,False,True,,0,False,False,available,operator_no_active_outage,2000.0,,,,
2024-10-16,2024-10-16 02:00:00+01:00,2024-10-16 03:00:00+01:00,2024-10-16 01:00:00+00:00,2024-10-16 02:00:00+00:00,ifa2,IFA2,National Grid IFA2 Limited / RTE,1000.0,elexon_remit,elexon_remit_connector,Elexon REMIT transmission-unavailability messages,False,True,,2,True,True,partial_outage,operator_outage_truth,500.0,500.0,514.0,1014.0,2024-11-17 23:13:07+00:00
2024-10-16,2024-10-16 03:00:00+01:00,2024-10-16 04:00:00+01:00,2024-10-16 02:00:00+00:00,2024-10-16 03:00:00+00:00,eleclink,ElecLink,ElecLink Limited / Getlink,1000.0,nordpool_umm,nordpool_umm,Nord Pool UMM,False,False,no_eleclink_source_available,0,False,False,unknown_source,source_unavailable,,,,,
2024-10-16,2024-10-16 03:00:00+01:00,2024-10-16 04:00:00+01:00,2024-10-16 02:00:00+00:00,2024-10-16 03:00:00+00:00,ifa,IFA,National Grid Interconnectors / RTE,2000.0,elexon_remit,elexon_remit_connector,Elexon REMIT transmission-unavailability messages,False,True,,0,False,False,available,operator_no_active_outage,2000.0,,,,
2024-10-16,2024-10-16 03:00:00+01:00,2024-10-16 04:00:00+01:00,2024-10-16 02:00:00+00:00,2024-10-16 03:00:00+00:00,ifa2,IFA2,National Grid IFA2 Limited / RTE,1000.0,elexon_remit,elexon_remit_connector,Elexon REMIT transmission-unavailability messages,False,True,,2,True,True,partial_outage,operator_outage_truth,500.0,500.0,514.0,1014.0,2024-11-17 23:13:07+00:00
2024-10-16,2024-10-16 04:00:00+01:00,2024-10-16 05:00:00+01:00,2024-10-16 03:00:00+00:00,2024-10-16 04:00:00+00:00,eleclink,ElecLink,ElecLink Limited / Getlink,1000.0,nordpool_umm,nordpool_umm,Nord Pool UMM,False,False,no_eleclink_source_available,0,False,False,unknown_source,source_unavailable,,,,,
2024-10-16,2024-10-16 04:00:00+01:00,2024-10-16 05:00:00+01:00,2024-10-16 03:00:00+00:00,2024-10-16 04:00:00+00:00,ifa,IFA,National Grid Interconnectors / RTE,2000.0,elexon_remit,elexon_remit_connector,Elexon REMIT transmission-unavailability messages,False,True,,0,False,False,available,operator_no_active_outage,2000.0,,,,
2024-10-16,2024-10-16 04:00:00+01:00,2024-10-16 05:00:00+01:00,2024-10-16 03:00:00+00:00,2024-10-16 04:00:00+00:00,ifa2,IFA2,National Grid IFA2 Limited / RTE,1000.0,elexon_remit,elexon_remit_connector,Elexon REMIT transmission-unavailability messages,False,True,,2,True,True,partial_outage,operator_outage_truth,500.0,500.0,514.0,1014.0,2024-11-17 23:13:07+00:00
2024-10-16,2024-10-16 05:00:00+01:00,2024-10-16 06:00:00+01:00,2024-10-16 04:00:00+00:00,2024-10-16 05:00:00+00:00,eleclink,ElecLink,ElecLink Limited / Getlink,1000.0,nordpool_umm,nordpool_umm,Nord Pool UMM,False,False,no_eleclink_source_available,0,False,False,unknown_source,source_unavailable,,,,,
2024-10-16,2024-10-16 05:00:00+01:00,2024-10-16 06:00:00+01:00,2024-10-16 04:00:00+00:00,2024-10-16 05:00:00+00:00,ifa,IFA,National Grid Interconnectors / RTE,2000.0,elexon_remit,elexon_remit_connector,Elexon REMIT transmission-unavailability messages,False,True,,0,False,False,available,operator_no_active_outage,2000.0,,,,
2024-10-16,2024-10-16 05:00:00+01:00,2024-10-16 06:00:00+01:00,2024-10-16 04:00:00+00:00,2024-10-16 05:00:00+00:00,ifa2,IFA2,National Grid IFA2 Limited / RTE,1000.0,elexon_remit,elexon_remit_connector,Elexon REMIT transmission-unavailability messages,False,True,,2,True,True,partial_outage,operator_outage_truth,500.0,500.0,514.0,1014.0,2024-11-17 23:13:07+00:00
2024-10-16,2024-10-16 06:00:00+01:00,2024-10-16 07:00:00+01:00,2024-10-16 05:00:00+00:00,2024-10-16 06:00:00+00:00,eleclink,ElecLink,ElecLink Limited / Getlink,1000.0,nordpool_umm,nordpool_umm,Nord Pool UMM,False,False,no_eleclink_source_available,0,False,False,unknown_source,source_unavailable,,,,,
2024-10-16,2024-10-16 06:00:00+01:00,2024-10-16 07:00:00+01:00,2024-10-16 05:00:00+00:00,2024-10-16 06:00:00+00:00,ifa,IFA,National Grid Interconnectors / RTE,2000.0,elexon_remit,elexon_remit_connector,Elexon REMIT transmission-unavailability messages,False,True,,0,False,False,available,operator_no_active_outage,2000.0,,,,
2024-10-16,2024-10-16 06:00:00+01:00,2024-10-16 07:00:00+01:00,2024-10-16 05:00:00+00:00,2024-10-16 06:00:00+00:00,ifa2,IFA2,National Grid IFA2 Limited / RTE,1000.0,elexon_remit,elexon_remit_connector,Elexon REMIT transmission-unavailability messages,False,True,,2,True,True,partial_outage,operator_outage_truth,500.0,500.0,514.0,1014.0,2024-11-17 23:13:07+00:00
2024-10-16,2024-10-16 07:00:00+01:00,2024-10-16 08:00:00+01:00,2024-10-16 06:00:00+00:00,2024-10-16 07:00:00+00:00,eleclink,ElecLink,ElecLink Limited / Getlink,1000.0,nordpool_umm,nordpool_umm,Nord Pool UMM,False,False,no_eleclink_source_available,0,False,False,unknown_source,source_unavailable,,,,,
2024-10-16,2024-10-16 07:00:00+01:00,2024-10-16 08:00:00+01:00,2024-10-16 06:00:00+00:00,2024-10-16 07:00:00+00:00,ifa,IFA,National Grid Interconnectors / RTE,2000.0,elexon_remit,elexon_remit_connector,Elexon REMIT transmission-unavailability messages,False,True,,0,False,False,available,operator_no_active_outage,2000.0,,,,
2024-10-16,2024-10-16 07:00:00+01:00,2024-10-16 08:00:00+01:00,2024-10-16 06:00:00+00:00,2024-10-16 07:00:00+00:00,ifa2,IFA2,National Grid IFA2 Limited / RTE,1000.0,elexon_remit,elexon_remit_connector,Elexon REMIT transmission-unavailability messages,False,True,,2,True,True,partial_outage,operator_outage_truth,500.0,500.0,514.0,1014.0,2024-11-17 23:13:07+00:00
2024-10-16,2024-10-16 08:00:00+01:00,2024-10-16 09:00:00+01:00,2024-10-16 07:00:00+00:00,2024-10-16 08:00:00+00:00,eleclink,ElecLink,ElecLink Limited / Getlink,1000.0,nordpool_umm,nordpool_umm,Nord Pool UMM,False,False,no_eleclink_source_available,0,False,False,unknown_source,source_unavailable,,,,,
2024-10-16,2024-10-16 08:00:00+01:00,2024-10-16 09:00:00+01:00,2024-10-16 07:00:00+00:00,2024-10-16 08:00:00+00:00,ifa,IFA,National Grid Interconnectors / RTE,2000.0,elexon_remit,elexon_remit_connector,Elexon REMIT transmission-unavailability messages,False,True,,0,False,False,available,operator_no_active_outage,2000.0,,,,
2024-10-16,2024-10-16 08:00:00+01:00,2024-10-16 09:00:00+01:00,2024-10-16 07:00:00+00:00,2024-10-16 08:00:00+00:00,ifa2,IFA2,National Grid IFA2 Limited / RTE,1000.0,elexon_remit,elexon_remit_connector,Elexon REMIT transmission-unavailability messages,False,True,,2,True,True,partial_outage,operator_outage_truth,500.0,500.0,514.0,1014.0,2024-11-17 23:13:07+00:00
2024-10-16,2024-10-16 09:00:00+01:00,2024-10-16 10:00:00+01:00,2024-10-16 08:00:00+00:00,2024-10-16 09:00:00+00:00,eleclink,ElecLink,ElecLink Limited / Getlink,1000.0,nordpool_umm,nordpool_umm,Nord Pool UMM,False,False,no_eleclink_source_available,0,False,False,unknown_source,source_unavailable,,,,,
2024-10-16,2024-10-16 09:00:00+01:00,2024-10-16 10:00:00+01:00,2024-10-16 08:00:00+00:00,2024-10-16 09:00:00+00:00,ifa,IFA,National Grid Interconnectors / RTE,2000.0,elexon_remit,elexon_remit_connector,Elexon REMIT transmission-unavailability messages,False,True,,0,False,False,available,operator_no_active_outage,2000.0,,,,
2024-10-16,2024-10-16 09:00:00+01:00,2024-10-16 10:00:00+01:00,2024-10-16 08:00:00+00:00,2024-10-16 09:00:00+00:00,ifa2,IFA2,National Grid IFA2 Limited / RTE,1000.0,elexon_remit,elexon_remit_connector,Elexon REMIT transmission-unavailability messages,False,True,,2,True,True,partial_outage,operator_outage_truth,500.0,500.0,514.0,1014.0,2024-11-17 23:13:07+00:00
2024-10-16,2024-10-16 10:00:00+01:00,2024-10-16 11:00:00+01:00,2024-10-16 09:00:00+00:00,2024-10-16 10:00:00+00:00,eleclink,ElecLink,ElecLink Limited / Getlink,1000.0,nordpool_umm,nordpool_umm,Nord Pool UMM,False,False,no_eleclink_source_available,0,False,False,unknown_source,source_unavailable,,,,,
2024-10-16,2024-10-16 10:00:00+01:00,2024-10-16 11:00:00+01:00,2024-10-16 09:00:00+00:00,2024-10-16 10:00:00+00:00,ifa,IFA,National Grid Interconnectors / RTE,2000.0,elexon_remit,elexon_remit_connector,Elexon REMIT transmission-unavailability messages,False,True,,0,False,False,available,operator_no_active_outage,2000.0,,,,
2024-10-16,2024-10-16 10:00:00+01:00,2024-10-16 11:00:00+01:00,2024-10-16 09:00:00+00:00,2024-10-16 10:00:00+00:00,ifa2,IFA2,National Grid IFA2 Limited / RTE,1000.0,elexon_remit,elexon_remit_connector,Elexon REMIT transmission-unavailability messages,False,True,,2,True,True,partial_outage,operator_outage_truth,500.0,500.0,514.0,1014.0,2024-11-17 23:13:07+00:00
2024-10-16,2024-10-16 11:00:00+01:00,2024-10-16 12:00:00+01:00,2024-10-16 10:00:00+00:00,2024-10-16 11:00:00+00:00,eleclink,ElecLink,ElecLink Limited / Getlink,1000.0,nordpool_umm,nordpool_umm,Nord Pool UMM,False,False,no_eleclink_source_available,0,False,False,unknown_source,source_unavailable,,,,,
2024-10-16,2024-10-16 11:00:00+01:00,2024-10-16 12:00:00+01:00,2024-10-16 10:00:00+00:00,2024-10-16 11:00:00+00:00,ifa,IFA,National Grid Interconnectors / RTE,2000.0,elexon_remit,elexon_remit_connector,Elexon REMIT transmission-unavailability messages,False,True,,0,False,False,available,operator_no_active_outage,2000.0,,,,
2024-10-16,2024-10-16 11:00:00+01:00,2024-10-16 12:00:00+01:00,2024-10-16 10:00:00+00:00,2024-10-16 11:00:00+00:00,ifa2,IFA2,National Grid IFA2 Limited / RTE,1000.0,elexon_remit,elexon_remit_connector,Elexon REMIT transmission-unavailability messages,False,True,,2,True,True,partial_outage,operator_outage_truth,500.0,500.0,514.0,1014.0,2024-11-17 23:13:07+00:00
2024-10-16,2024-10-16 12:00:00+01:00,2024-10-16 13:00:00+01:00,2024-10-16 11:00:00+00:00,2024-10-16 12:00:00+00:00,eleclink,ElecLink,ElecLink Limited / Getlink,1000.0,nordpool_umm,nordpool_umm,Nord Pool UMM,False,False,no_eleclink_source_available,0,False,False,unknown_source,source_unavailable,,,,,
2024-10-16,2024-10-16 12:00:00+01:00,2024-10-16 13:00:00+01:00,2024-10-16 11:00:00+00:00,2024-10-16 12:00:00+00:00,ifa,IFA,National Grid Interconnectors / RTE,2000.0,elexon_remit,elexon_remit_connector,Elexon REMIT transmission-unavailability messages,False,True,,0,False,False,available,operator_no_active_outage,2000.0,,,,
2024-10-16,2024-10-16 12:00:00+01:00,2024-10-16 13:00:00+01:00,2024-10-16 11:00:00+00:00,2024-10-16 12:00:00+00:00,ifa2,IFA2,National Grid IFA2 Limited / RTE,1000.0,elexon_remit,elexon_remit_connector,Elexon REMIT transmission-unavailability messages,False,True,,2,True,True,partial_outage,operator_outage_truth,500.0,500.0,514.0,1014.0,2024-11-17 23:13:07+00:00
2024-10-16,2024-10-16 13:00:00+01:00,2024-10-16 14:00:00+01:00,2024-10-16 12:00:00+00:00,2024-10-16 13:00:00+00:00,eleclink,ElecLink,ElecLink Limited / Getlink,1000.0,nordpool_umm,nordpool_umm,Nord Pool UMM,False,False,no_eleclink_source_available,0,False,False,unknown_source,source_unavailable,,,,,
2024-10-16,2024-10-16 13:00:00+01:00,2024-10-16 14:00:00+01:00,2024-10-16 12:00:00+00:00,2024-10-16 13:00:00+00:00,ifa,IFA,National Grid Interconnectors / RTE,2000.0,elexon_remit,elexon_remit_connector,Elexon REMIT transmission-unavailability messages,False,True,,0,False,False,available,operator_no_active_outage,2000.0,,,,
2024-10-16,2024-10-16 13:00:00+01:00,2024-10-16 14:00:00+01:00,2024-10-16 12:00:00+00:00,2024-10-16 13:00:00+00:00,ifa2,IFA2,National Grid IFA2 Limited / RTE,1000.0,elexon_remit,elexon_remit_connector,Elexon REMIT transmission-unavailability messages,False,True,,2,True,True,partial_outage,operator_outage_truth,500.0,500.0,514.0,1014.0,2024-11-17 23:13:07+00:00
2024-10-16,2024-10-16 14:00:00+01:00,2024-10-16 15:00:00+01:00,2024-10-16 13:00:00+00:00,2024-10-16 14:00:00+00:00,eleclink,ElecLink,ElecLink Limited / Getlink,1000.0,nordpool_umm,nordpool_umm,Nord Pool UMM,False,False,no_eleclink_source_available,0,False,False,unknown_source,source_unavailable,,,,,
2024-10-16,2024-10-16 14:00:00+01:00,2024-10-16 15:00:00+01:00,2024-10-16 13:00:00+00:00,2024-10-16 14:00:00+00:00,ifa,IFA,National Grid Interconnectors / RTE,2000.0,elexon_remit,elexon_remit_connector,Elexon REMIT transmission-unavailability messages,False,True,,0,False,False,available,operator_no_active_outage,2000.0,,,,
2024-10-16,2024-10-16 14:00:00+01:00,2024-10-16 15:00:00+01:00,2024-10-16 13:00:00+00:00,2024-10-16 14:00:00+00:00,ifa2,IFA2,National Grid IFA2 Limited / RTE,1000.0,elexon_remit,elexon_remit_connector,Elexon REMIT transmission-unavailability messages,False,True,,2,True,True,partial_outage,operator_outage_truth,500.0,500.0,514.0,1014.0,2024-11-17 23:13:07+00:00
2024-10-16,2024-10-16 15:00:00+01:00,2024-10-16 16:00:00+01:00,2024-10-16 14:00:00+00:00,2024-10-16 15:00:00+00:00,eleclink,ElecLink,ElecLink Limited / Getlink,1000.0,nordpool_umm,nordpool_umm,Nord Pool UMM,False,False,no_eleclink_source_available,0,False,False,unknown_source,source_unavailable,,,,,
2024-10-16,2024-10-16 15:00:00+01:00,2024-10-16 16:00:00+01:00,2024-10-16 14:00:00+00:00,2024-10-16 15:00:00+00:00,ifa,IFA,National Grid Interconnectors / RTE,2000.0,elexon_remit,elexon_remit_connector,Elexon REMIT transmission-unavailability messages,False,True,,0,False,False,available,operator_no_active_outage,2000.0,,,,
2024-10-16,2024-10-16 15:00:00+01:00,2024-10-16 16:00:00+01:00,2024-10-16 14:00:00+00:00,2024-10-16 15:00:00+00:00,ifa2,IFA2,National Grid IFA2 Limited / RTE,1000.0,elexon_remit,elexon_remit_connector,Elexon REMIT transmission-unavailability messages,False,True,,2,True,True,partial_outage,operator_outage_truth,500.0,500.0,514.0,1014.0,2024-11-17 23:13:07+00:00
2024-10-16,2024-10-16 16:00:00+01:00,2024-10-16 17:00:00+01:00,2024-10-16 15:00:00+00:00,2024-10-16 16:00:00+00:00,eleclink,ElecLink,ElecLink Limited / Getlink,1000.0,nordpool_umm,nordpool_umm,Nord Pool UMM,False,False,no_eleclink_source_available,0,False,False,unknown_source,source_unavailable,,,,,
2024-10-16,2024-10-16 16:00:00+01:00,2024-10-16 17:00:00+01:00,2024-10-16 15:00:00+00:00,2024-10-16 16:00:00+00:00,ifa,IFA,National Grid Interconnectors / RTE,2000.0,elexon_remit,elexon_remit_connector,Elexon REMIT transmission-unavailability messages,False,True,,0,False,False,available,operator_no_active_outage,2000.0,,,,
2024-10-16,2024-10-16 16:00:00+01:00,2024-10-16 17:00:00+01:00,2024-10-16 15:00:00+00:00,2024-10-16 16:00:00+00:00,ifa2,IFA2,National Grid IFA2 Limited / RTE,1000.0,elexon_remit,elexon_remit_connector,Elexon REMIT transmission-unavailability messages,False,True,,2,True,True,partial_outage,operator_outage_truth,500.0,500.0,514.0,1014.0,2024-11-17 23:13:07+00:00
2024-10-16,2024-10-16 17:00:00+01:00,2024-10-16 18:00:00+01:00,2024-10-16 16:00:00+00:00,2024-10-16 17:00:00+00:00,eleclink,ElecLink,ElecLink Limited / Getlink,1000.0,nordpool_umm,nordpool_umm,Nord Pool UMM,False,False,no_eleclink_source_available,0,False,False,unknown_source,source_unavailable,,,,,
2024-10-16,2024-10-16 17:00:00+01:00,2024-10-16 18:00:00+01:00,2024-10-16 16:00:00+00:00,2024-10-16 17:00:00+00:00,ifa,IFA,National Grid Interconnectors / RTE,2000.0,elexon_remit,elexon_remit_connector,Elexon REMIT transmission-unavailability messages,False,True,,0,False,False,available,operator_no_active_outage,2000.0,,,,
2024-10-16,2024-10-16 17:00:00+01:00,2024-10-16 18:00:00+01:00,2024-10-16 16:00:00+00:00,2024-10-16 17:00:00+00:00,ifa2,IFA2,National Grid IFA2 Limited / RTE,1000.0,elexon_remit,elexon_remit_connector,Elexon REMIT transmission-unavailability messages,False,True,,2,True,True,partial_outage,operator_outage_truth,500.0,500.0,514.0,1014.0,2024-11-17 23:13:07+00:00
2024-10-16,2024-10-16 18:00:00+01:00,2024-10-16 19:00:00+01:00,2024-10-16 17:00:00+00:00,2024-10-16 18:00:00+00:00,eleclink,ElecLink,ElecLink Limited / Getlink,1000.0,nordpool_umm,nordpool_umm,Nord Pool UMM,False,False,no_eleclink_source_available,0,False,False,unknown_source,source_unavailable,,,,,
2024-10-16,2024-10-16 18:00:00+01:00,2024-10-16 19:00:00+01:00,2024-10-16 17:00:00+00:00,2024-10-16 18:00:00+00:00,ifa,IFA,National Grid Interconnectors / RTE,2000.0,elexon_remit,elexon_remit_connector,Elexon REMIT transmission-unavailability messages,False,True,,0,False,False,available,operator_no_active_outage,2000.0,,,,
2024-10-16,2024-10-16 18:00:00+01:00,2024-10-16 19:00:00+01:00,2024-10-16 17:00:00+00:00,2024-10-16 18:00:00+00:00,ifa2,IFA2,National Grid IFA2 Limited / RTE,1000.0,elexon_remit,elexon_remit_connector,Elexon REMIT transmission-unavailability messages,False,True,,2,True,True,partial_outage,operator_outage_truth,500.0,500.0,514.0,1014.0,2024-11-17 23:13:07+00:00
2024-10-16,2024-10-16 19:00:00+01:00,2024-10-16 20:00:00+01:00,2024-10-16 18:00:00+00:00,2024-10-16 19:00:00+00:00,eleclink,ElecLink,ElecLink Limited / Getlink,1000.0,nordpool_umm,nordpool_umm,Nord Pool UMM,False,False,no_eleclink_source_available,0,False,False,unknown_source,source_unavailable,,,,,
2024-10-16,2024-10-16 19:00:00+01:00,2024-10-16 20:00:00+01:00,2024-10-16 18:00:00+00:00,2024-10-16 19:00:00+00:00,ifa,IFA,National Grid Interconnectors / RTE,2000.0,elexon_remit,elexon_remit_connector,Elexon REMIT transmission-unavailability messages,False,True,,0,False,False,available,operator_no_active_outage,2000.0,,,,
2024-10-16,2024-10-16 19:00:00+01:00,2024-10-16 20:00:00+01:00,2024-10-16 18:00:00+00:00,2024-10-16 19:00:00+00:00,ifa2,IFA2,National Grid IFA2 Limited / RTE,1000.0,elexon_remit,elexon_remit_connector,Elexon REMIT transmission-unavailability messages,False,True,,2,True,True,partial_outage,operator_outage_truth,500.0,500.0,514.0,1014.0,2024-11-17 23:13:07+00:00
2024-10-16,2024-10-16 20:00:00+01:00,2024-10-16 21:00:00+01:00,2024-10-16 19:00:00+00:00,2024-10-16 20:00:00+00:00,eleclink,ElecLink,ElecLink Limited / Getlink,1000.0,nordpool_umm,nordpool_umm,Nord Pool UMM,False,False,no_eleclink_source_available,0,False,False,unknown_source,source_unavailable,,,,,
2024-10-16,2024-10-16 20:00:00+01:00,2024-10-16 21:00:00+01:00,2024-10-16 19:00:00+00:00,2024-10-16 20:00:00+00:00,ifa,IFA,National Grid Interconnectors / RTE,2000.0,elexon_remit,elexon_remit_connector,Elexon REMIT transmission-unavailability messages,False,True,,0,False,False,available,operator_no_active_outage,2000.0,,,,
2024-10-16,2024-10-16 20:00:00+01:00,2024-10-16 21:00:00+01:00,2024-10-16 19:00:00+00:00,2024-10-16 20:00:00+00:00,ifa2,IFA2,National Grid IFA2 Limited / RTE,1000.0,elexon_remit,elexon_remit_connector,Elexon REMIT transmission-unavailability messages,False,True,,2,True,True,partial_outage,operator_outage_truth,500.0,500.0,514.0,1014.0,2024-11-17 23:13:07+00:00
2024-10-16,2024-10-16 21:00:00+01:00,2024-10-16 22:00:00+01:00,2024-10-16 20:00:00+00:00,2024-10-16 21:00:00+00:00,eleclink,ElecLink,ElecLink Limited / Getlink,1000.0,nordpool_umm,nordpool_umm,Nord Pool UMM,False,False,no_eleclink_source_available,0,False,False,unknown_source,source_unavailable,,,,,
2024-10-16,2024-10-16 21:00:00+01:00,2024-10-16 22:00:00+01:00,2024-10-16 20:00:00+00:00,2024-10-16 21:00:00+00:00,ifa,IFA,National Grid Interconnectors / RTE,2000.0,elexon_remit,elexon_remit_connector,Elexon REMIT transmission-unavailability messages,False,True,,0,False,False,available,operator_no_active_outage,2000.0,,,,
2024-10-16,2024-10-16 21:00:00+01:00,2024-10-16 22:00:00+01:00,2024-10-16 20:00:00+00:00,2024-10-16 21:00:00+00:00,ifa2,IFA2,National Grid IFA2 Limited / RTE,1000.0,elexon_remit,elexon_remit_connector,Elexon REMIT transmission-unavailability messages,False,True,,2,True,True,partial_outage,operator_outage_truth,500.0,500.0,514.0,1014.0,2024-11-17 23:13:07+00:00
2024-10-16,2024-10-16 22:00:00+01:00,2024-10-16 23:00:00+01:00,2024-10-16 21:00:00+00:00,2024-10-16 22:00:00+00:00,eleclink,ElecLink,ElecLink Limited / Getlink,1000.0,nordpool_umm,nordpool_umm,Nord Pool UMM,False,False,no_eleclink_source_available,0,False,False,unknown_source,source_unavailable,,,,,
2024-10-16,2024-10-16 22:00:00+01:00,2024-10-16 23:00:00+01:00,2024-10-16 21:00:00+00:00,2024-10-16 22:00:00+00:00,ifa,IFA,National Grid Interconnectors / RTE,2000.0,elexon_remit,elexon_remit_connector,Elexon REMIT transmission-unavailability messages,False,True,,0,False,False,available,operator_no_active_outage,2000.0,,,,
2024-10-16,2024-10-16 22:00:00+01:00,2024-10-16 23:00:00+01:00,2024-10-16 21:00:00+00:00,2024-10-16 22:00:00+00:00,ifa2,IFA2,National Grid IFA2 Limited / RTE,1000.0,elexon_remit,elexon_remit_connector,Elexon REMIT transmission-unavailability messages,False,True,,2,True,True,partial_outage,operator_outage_truth,500.0,500.0,514.0,1014.0,2024-11-17 23:13:07+00:00
2024-10-16,2024-10-16 23:00:00+01:00,2024-10-17 00:00:00+01:00,2024-10-16 22:00:00+00:00,2024-10-16 23:00:00+00:00,eleclink,ElecLink,ElecLink Limited / Getlink,1000.0,nordpool_umm,nordpool_umm,Nord Pool UMM,False,False,no_eleclink_source_available,0,False,False,unknown_source,source_unavailable,,,,,
2024-10-16,2024-10-16 23:00:00+01:00,2024-10-17 00:00:00+01:00,2024-10-16 22:00:00+00:00,2024-10-16 23:00:00+00:00,ifa,IFA,National Grid Interconnectors / RTE,2000.0,elexon_remit,elexon_remit_connector,Elexon REMIT transmission-unavailability messages,False,True,,0,False,False,available,operator_no_active_outage,2000.0,,,,
2024-10-16,2024-10-16 23:00:00+01:00,2024-10-17 00:00:00+01:00,2024-10-16 22:00:00+00:00,2024-10-16 23:00:00+00:00,ifa2,IFA2,National Grid IFA2 Limited / RTE,1000.0,elexon_remit,elexon_remit_connector,Elexon REMIT transmission-unavailability messages,False,True,,2,True,True,partial_outage,operator_outage_truth,500.0,500.0,514.0,1014.0,2024-11-17 23:13:07+00:00
